Duration_of_Credit_monthly,Credit_Amount,Instalment_per_cent,Duration_in_Current_address,Age_years,No_of_Credits_at_this_Bank,No_of_dependents,Purpose_0,Purpose_1,Purpose_2,Purpose_3,Purpose_4,Purpose_5,Purpose_6,Purpose_8,Purpose_9,Purpose_10,Sex_Marital_Status_1,Sex_Marital_Status_2,Sex_Marital_Status_3,Sex_Marital_Status_4,Guarantors_1,Guarantors_2,Guarantors_3,Type_of_apartment_1,Type_of_apartment_2,Type_of_apartment_3,Telephone_1,Telephone_2,Foreign_Worker_1,Foreign_Worker_2,Account_Balance,Payment_Status_of_Previous_Credit,Value_Savings_Stocks,Length_of_current_employment,Most_valuable_available_asset,Concurrent_Credits,Occupation,Creditability
-0.7401299936018819,-0.7296019189907323,0.03242381654469148,-0.780798109329962,-0.7511768964941121,1.0576790035337154,-0.43236977250733133,0.0,0.0,0.0,0.0,0.0,0.0,0.0,0.0,1.0,0.0,0.0,1.0,0.0,0.0,1.0,0.0,0.0,0.0,1.0,0.0,1.0,0.0,1.0,0.0,3.0,4.0,0.0,2.0,0.0,2.0,2.0,1
-1.241417416952952,-0.4052419840388346,-1.756476406610706,-0.780798109329962,-1.0116630331197254,-0.6978048197587581,-0.43236977250733133,1.0,0.0,0.0,0.0,0.0,0.0,0.0,0.0,0.0,0.0,0.0,0.0,0.0,1.0,1.0,0.0,0.0,0.0,1.0,0.0,1.0,0.0,1.0,0.0,3.0,4.0,2.0,2.0,2.0,2.0,2.0,1
-1.241417416952952,-0.6658171720057782,-0.8620262950330072,1.0219103681995318,0.3775963622168788,-0.6978048197587581,2.312835132301122,1.0,0.0,0.0,0.0,0.0,0.0,0.0,0.0,0.0,0.0,0.0,0.0,1.0,0.0,1.0,0.0,0.0,0.0,1.0,0.0,1.0,0.0,0.0,1.0,0.0,4.0,0.0,1.0,0.0,2.0,1.0,1
-0.4894862819263469,-0.6397234118755696,0.9268739281223902,0.12055612943478493,-0.9248343209111876,1.0576790035337154,-0.43236977250733133,0.0,0.0,1.0,0.0,0.0,0.0,0.0,0.0,0.0,0.0,0.0,1.0,0.0,0.0,1.0,0.0,0.0,1.0,0.0,0.0,1.0,0.0,1.0,0.0,0.0,4.0,0.0,2.0,1.0,2.0,2.0,1
-0.7401299936018819,-0.5585428248038098,-0.8620262950330072,-0.780798109329962,-0.7511768964941121,-0.6978048197587581,-0.43236977250733133,0.0,0.0,1.0,0.0,0.0,0.0,0.0,0.0,0.0,0.0,0.0,0.0,1.0,0.0,1.0,0.0,0.0,0.0,1.0,0.0,1.0,0.0,1.0,0.0,0.0,2.0,0.0,2.0,0.0,2.0,2.0,1
-0.7401299936018819,-0.6031196650262494,-1.756476406610706,-1.682152348094709,-1.0984917453282632,-0.6978048197587581,-0.43236977250733133,0.0,0.0,0.0,1.0,0.0,0.0,0.0,0.0,0.0,0.0,0.0,0.0,0.0,1.0,1.0,0.0,0.0,1.0,0.0,0.0,1.0,0.0,1.0,0.0,1.0,2.0,0.0,1.0,0.0,2.0,2.0,0
-1.241417416952952,-0.7103940122282177,0.9268739281223902,1.0219103681995318,0.030281513382727766,-0.6978048197587581,2.312835132301122,0.0,0.0,0.0,0.0,0.0,0.0,0.0,1.0,0.0,0.0,0.0,0.0,1.0,0.0,1.0,0.0,0.0,0.0,1.0,0.0,0.0,1.0,1.0,0.0,3.0,2.0,4.0,0.0,1.0,2.0,3.0,1
-0.7401299936018819,-0.4335102241798938,0.03242381654469148,1.0219103681995318,-0.4906907598684988,-0.6978048197587581,2.312835132301122,1.0,0.0,0.0,0.0,0.0,0.0,0.0,0.0,0.0,0.0,0.0,0.0,1.0,0.0,1.0,0.0,0.0,1.0,0.0,0.0,0.0,1.0,1.0,0.0,1.0,2.0,0.0,3.0,1.0,2.0,2.0,1
-0.23884257025081193,-0.5857238249394436,0.9268739281223902,1.0219103681995318,0.8985686354681054,1.0576790035337154,-0.43236977250733133,0.0,0.0,0.0,1.0,0.0,0.0,0.0,0.0,0.0,0.0,0.0,0.0,1.0,0.0,1.0,0.0,0.0,0.0,1.0,0.0,1.0,0.0,1.0,0.0,3.0,4.0,3.0,4.0,2.0,2.0,2.0,1
-0.7401299936018819,0.535220620654098,-1.756476406610706,1.0219103681995318,-1.3589778819538765,-0.6978048197587581,-0.43236977250733133,0.0,1.0,0.0,0.0,0.0,0.0,0.0,0.0,0.0,0.0,0.0,1.0,0.0,0.0,1.0,0.0,0.0,1.0,0.0,0.0,1.0,0.0,1.0,0.0,3.0,2.0,4.0,1.0,2.0,2.0,2.0,1
-0.23884257025081193,-0.26680009001467264,-0.8620262950330072,-0.780798109329962,-1.1853204575368008,-0.6978048197587581,-0.43236977250733133,0.0,0.0,1.0,0.0,0.0,0.0,0.0,0.0,0.0,0.0,0.0,0.0,1.0,0.0,1.0,0.0,0.0,0.0,1.0,0.0,1.0,0.0,1.0,0.0,0.0,2.0,0.0,2.0,2.0,2.0,2.0,0
-0.23884257025081193,-0.8872517197774089,0.9268739281223902,-1.682152348094709,-0.7511768964941121,-0.6978048197587581,-0.43236977250733133,0.0,0.0,0.0,0.0,0.0,0.0,1.0,0.0,0.0,0.0,0.0,1.0,0.0,0.0,1.0,0.0,0.0,0.0,1.0,0.0,1.0,0.0,1.0,0.0,0.0,2.0,0.0,0.0,0.0,2.0,0.0,0
-0.7401299936018819,-0.4476443442504235,0.9268739281223902,-0.780798109329962,-0.40386204765996103,1.0576790035337154,2.312835132301122,0.0,0.0,0.0,1.0,0.0,0.0,0.0,0.0,0.0,0.0,0.0,0.0,1.0,0.0,1.0,0.0,0.0,1.0,0.0,0.0,0.0,1.0,1.0,0.0,3.0,2.0,0.0,3.0,2.0,2.0,3.0,1
1.766307123153468,2.205221268987444,-1.756476406610706,-0.780798109329962,1.6800270453449453,-0.6978048197587581,-0.43236977250733133,0.0,1.0,0.0,0.0,0.0,0.0,0.0,0.0,0.0,0.0,0.0,0.0,1.0,0.0,1.0,0.0,0.0,0.0,0.0,1.0,0.0,1.0,1.0,0.0,1.0,1.0,0.0,0.0,3.0,0.0,3.0,1
-0.07174676246712194,1.3984891849618304,0.03242381654469148,1.0219103681995318,0.030281513382727766,1.0576790035337154,2.312835132301122,0.0,1.0,0.0,0.0,0.0,0.0,0.0,0.0,0.0,0.0,0.0,0.0,1.0,0.0,1.0,0.0,0.0,1.0,0.0,0.0,0.0,1.0,1.0,0.0,1.0,3.0,4.0,3.0,1.0,0.0,3.0,1
-1.241417416952952,-0.5998579450099732,0.9268739281223902,-0.780798109329962,-0.23020462324288551,-0.6978048197587581,-0.43236977250733133,0.0,0.0,1.0,0.0,0.0,0.0,0.0,0.0,0.0,0.0,1.0,0.0,0.0,0.0,1.0,0.0,0.0,0.0,1.0,0.0,1.0,0.0,1.0,0.0,3.0,2.0,3.0,2.0,0.0,2.0,2.0,1
-0.4894862819263469,0.7704268751611166,-1.756476406610706,1.0219103681995318,-0.05654719882581,-0.6978048197587581,-0.43236977250733133,1.0,0.0,0.0,0.0,0.0,0.0,0.0,0.0,0.0,0.0,0.0,1.0,0.0,0.0,1.0,0.0,0.0,0.0,0.0,1.0,1.0,0.0,1.0,0.0,3.0,2.0,2.0,4.0,3.0,2.0,2.0,1
-0.23884257025081193,-0.6045693183668165,0.03242381654469148,-0.780798109329962,-0.31703333545142326,1.0576790035337154,-0.43236977250733133,1.0,0.0,0.0,0.0,0.0,0.0,0.0,0.0,0.0,0.0,0.0,0.0,1.0,0.0,1.0,0.0,0.0,0.0,1.0,0.0,1.0,0.0,1.0,0.0,3.0,4.0,0.0,2.0,1.0,0.0,2.0,0
-0.4894862819263469,-0.8147690527490519,0.9268739281223902,0.12055612943478493,-0.23020462324288551,1.0576790035337154,2.312835132301122,1.0,0.0,0.0,0.0,0.0,0.0,0.0,0.0,0.0,0.0,0.0,0.0,1.0,0.0,1.0,0.0,0.0,1.0,0.0,0.0,1.0,0.0,1.0,0.0,0.0,0.0,0.0,4.0,2.0,2.0,2.0,0
0.763732276451328,0.5845088342333808,-0.8620262950330072,1.0219103681995318,-1.0116630331197254,-0.6978048197587581,-0.43236977250733133,0.0,1.0,0.0,0.0,0.0,0.0,0.0,0.0,0.0,0.0,0.0,1.0,0.0,0.0,1.0,0.0,0.0,1.0,0.0,0.0,1.0,0.0,1.0,0.0,3.0,2.0,4.0,3.0,1.0,1.0,1.0,1
0.763732276451328,0.38083253988369753,0.9268739281223902,-0.780798109329962,-0.6643481842855743,1.0576790035337154,-0.43236977250733133,1.0,0.0,0.0,0.0,0.0,0.0,0.0,0.0,0.0,0.0,0.0,0.0,0.0,1.0,1.0,0.0,0.0,0.0,1.0,0.0,1.0,0.0,1.0,0.0,1.0,4.0,0.0,0.0,2.0,2.0,3.0,0
2.267594546504538,4.067300984945937,-0.8620262950330072,-0.780798109329962,-0.9248343209111876,-0.6978048197587581,-0.43236977250733133,0.0,0.0,0.0,0.0,0.0,0.0,0.0,0.0,1.0,0.0,0.0,0.0,1.0,0.0,1.0,0.0,0.0,0.0,1.0,0.0,0.0,1.0,1.0,0.0,1.0,0.0,0.0,2.0,2.0,1.0,2.0,0
-0.7401299936018819,-0.5502073180955487,0.03242381654469148,-1.682152348094709,-0.05654719882581,-0.6978048197587581,-0.43236977250733133,0.0,0.0,0.0,1.0,0.0,0.0,0.0,0.0,0.0,0.0,0.0,0.0,0.0,1.0,1.0,0.0,0.0,0.0,1.0,0.0,1.0,0.0,1.0,0.0,0.0,2.0,2.0,4.0,0.0,2.0,2.0,1
-0.7401299936018819,-0.22512255647336735,-0.8620262950330072,-1.682152348094709,0.5512537866339543,-0.6978048197587581,-0.43236977250733133,0.0,0.0,1.0,0.0,0.0,0.0,0.0,0.0,0.0,0.0,1.0,0.0,0.0,0.0,1.0,0.0,0.0,0.0,1.0,0.0,1.0,0.0,1.0,0.0,0.0,2.0,0.0,2.0,2.0,2.0,2.0,1
-0.7401299936018819,-0.38603407727632,0.9268739281223902,1.0219103681995318,1.419540908719332,-0.6978048197587581,-0.43236977250733133,1.0,0.0,0.0,0.0,0.0,0.0,0.0,0.0,0.0,0.0,0.0,1.0,0.0,0.0,1.0,0.0,0.0,0.0,0.0,1.0,0.0,1.0,1.0,0.0,3.0,2.0,4.0,4.0,3.0,2.0,3.0,1
-0.7401299936018819,-0.7593198124723588,0.9268739281223902,0.12055612943478493,-0.5775194720770366,1.0576790035337154,-0.43236977250733133,0.0,0.0,0.0,1.0,0.0,0.0,0.0,0.0,0.0,0.0,0.0,0.0,1.0,0.0,0.0,0.0,1.0,0.0,1.0,0.0,1.0,0.0,1.0,0.0,1.0,2.0,0.0,3.0,0.0,2.0,2.0,1
0.26244485310025806,-0.09936512917916789,0.03242381654469148,1.0219103681995318,2.3746567430132473,-0.6978048197587581,2.312835132301122,0.0,1.0,0.0,0.0,0.0,0.0,0.0,0.0,0.0,0.0,0.0,0.0,1.0,0.0,0.0,0.0,1.0,0.0,1.0,0.0,0.0,1.0,1.0,0.0,0.0,2.0,0.0,2.0,3.0,0.0,2.0,1
0.26244485310025806,-0.4983822111702734,0.9268739281223902,-0.780798109329962,-0.4906907598684988,-0.6978048197587581,2.312835132301122,0.0,0.0,0.0,1.0,0.0,0.0,0.0,0.0,0.0,0.0,0.0,0.0,1.0,0.0,1.0,0.0,0.0,0.0,1.0,0.0,1.0,0.0,1.0,0.0,0.0,2.0,0.0,0.0,2.0,1.0,3.0,0
2.267594546504538,1.377469211523607,-1.756476406610706,-1.682152348094709,-0.14337591103434777,1.0576790035337154,-0.43236977250733133,0.0,0.0,0.0,1.0,0.0,0.0,0.0,0.0,0.0,0.0,0.0,0.0,0.0,1.0,0.0,0.0,1.0,0.0,1.0,0.0,0.0,1.0,1.0,0.0,0.0,2.0,0.0,3.0,0.0,2.0,2.0,0
-0.5730341858181919,2.0946852017691997,-1.756476406610706,1.0219103681995318,0.8117399232595676,-0.6978048197587581,-0.43236977250733133,1.0,0.0,0.0,0.0,0.0,0.0,0.0,0.0,0.0,0.0,1.0,0.0,0.0,0.0,1.0,0.0,0.0,0.0,1.0,0.0,0.0,1.0,0.0,1.0,0.0,2.0,0.0,4.0,1.0,2.0,3.0,0
1.265019699802398,0.15287455207951461,-1.756476406610706,-0.780798109329962,0.11711022559126552,-0.6978048197587581,2.312835132301122,0.0,0.0,1.0,0.0,0.0,0.0,0.0,0.0,0.0,0.0,0.0,0.0,1.0,0.0,0.0,0.0,1.0,0.0,1.0,0.0,1.0,0.0,1.0,0.0,0.0,2.0,0.0,2.0,1.0,2.0,2.0,1
0.26244485310025806,-0.7064074655416581,0.9268739281223902,-0.780798109329962,-0.6643481842855743,-0.6978048197587581,-0.43236977250733133,1.0,0.0,0.0,0.0,0.0,0.0,0.0,0.0,0.0,0.0,0.0,0.0,0.0,1.0,1.0,0.0,0.0,0.0,1.0,0.0,1.0,0.0,1.0,0.0,3.0,2.0,0.0,1.0,0.0,2.0,2.0,1
0.26244485310025806,-0.6266765318104653,0.9268739281223902,1.0219103681995318,0.4644250744254166,-0.6978048197587581,-0.43236977250733133,1.0,0.0,0.0,0.0,0.0,0.0,0.0,0.0,0.0,0.0,0.0,0.0,0.0,1.0,1.0,0.0,0.0,1.0,0.0,0.0,1.0,0.0,1.0,0.0,3.0,2.0,1.0,4.0,0.0,2.0,1.0,1
-0.907225801385572,-0.12690854264994356,-1.756476406610706,-0.780798109329962,-0.31703333545142326,-0.6978048197587581,2.312835132301122,0.0,1.0,0.0,0.0,0.0,0.0,0.0,0.0,0.0,0.0,0.0,0.0,1.0,0.0,0.0,1.0,0.0,0.0,1.0,0.0,1.0,0.0,1.0,0.0,3.0,2.0,1.0,2.0,0.0,2.0,2.0,1
0.26244485310025806,0.05321088491552369,0.9268739281223902,-0.780798109329962,0.29076765000834104,-0.6978048197587581,-0.43236977250733133,0.0,0.0,1.0,0.0,0.0,0.0,0.0,0.0,0.0,0.0,0.0,0.0,1.0,0.0,1.0,0.0,0.0,1.0,0.0,0.0,0.0,1.0,1.0,0.0,0.0,2.0,0.0,4.0,1.0,2.0,3.0,0
-0.9907737052774169,-0.4414833175530131,-0.8620262950330072,-0.780798109329962,-1.445806594162414,1.0576790035337154,-0.43236977250733133,0.0,0.0,1.0,0.0,0.0,0.0,0.0,0.0,0.0,0.0,0.0,1.0,0.0,0.0,0.0,1.0,0.0,1.0,0.0,0.0,1.0,0.0,1.0,0.0,3.0,2.0,0.0,1.0,2.0,2.0,2.0,0
0.011801141424723058,-0.5824621049231675,0.9268739281223902,0.12055612943478493,-0.14337591103434777,1.0576790035337154,-0.43236977250733133,0.0,0.0,1.0,0.0,0.0,0.0,0.0,0.0,0.0,0.0,0.0,0.0,1.0,0.0,1.0,0.0,0.0,0.0,1.0,0.0,1.0,0.0,1.0,0.0,3.0,3.0,1.0,3.0,0.0,2.0,3.0,1
0.763732276451328,0.23876651250811773,0.9268739281223902,1.0219103681995318,0.3775963622168788,-0.6978048197587581,-0.43236977250733133,0.0,1.0,0.0,0.0,0.0,0.0,0.0,0.0,0.0,0.0,1.0,0.0,0.0,0.0,1.0,0.0,0.0,0.0,1.0,0.0,0.0,1.0,1.0,0.0,0.0,2.0,0.0,2.0,1.0,2.0,3.0,1
-0.23884257025081193,0.14997524539838034,0.03242381654469148,1.0219103681995318,0.11711022559126552,-0.6978048197587581,-0.43236977250733133,0.0,0.0,1.0,0.0,0.0,0.0,0.0,0.0,0.0,0.0,0.0,1.0,0.0,0.0,1.0,0.0,0.0,0.0,1.0,0.0,0.0,1.0,0.0,1.0,1.0,4.0,0.0,4.0,1.0,2.0,2.0,1
-0.7401299936018819,1.6913191597563926,0.9268739281223902,1.0219103681995318,1.5063696209278696,-0.6978048197587581,-0.43236977250733133,0.0,0.0,1.0,0.0,0.0,0.0,0.0,0.0,0.0,0.0,0.0,0.0,1.0,0.0,1.0,0.0,0.0,0.0,0.0,1.0,0.0,1.0,1.0,0.0,0.0,2.0,0.0,4.0,3.0,2.0,3.0,0
-0.23884257025081193,-0.1943174229863156,0.9268739281223902,0.12055612943478493,-0.31703333545142326,-0.6978048197587581,-0.43236977250733133,1.0,0.0,0.0,0.0,0.0,0.0,0.0,0.0,0.0,0.0,0.0,0.0,1.0,0.0,1.0,0.0,0.0,0.0,1.0,0.0,1.0,0.0,0.0,1.0,3.0,2.0,4.0,3.0,1.0,2.0,2.0,1
-0.7401299936018819,-0.802809412689373,-1.756476406610706,1.0219103681995318,-1.445806594162414,-0.6978048197587581,-0.43236977250733133,0.0,0.0,1.0,0.0,0.0,0.0,0.0,0.0,0.0,0.0,0.0,1.0,0.0,0.0,1.0,0.0,0.0,1.0,0.0,0.0,1.0,0.0,1.0,0.0,1.0,2.0,3.0,1.0,0.0,2.0,1.0,1
-0.4894862819263469,-0.14865334275845066,-0.8620262950330072,0.12055612943478493,-1.0116630331197254,1.0576790035337154,-0.43236977250733133,0.0,0.0,1.0,0.0,0.0,0.0,0.0,0.0,0.0,0.0,0.0,1.0,0.0,0.0,0.0,1.0,0.0,0.0,1.0,0.0,1.0,0.0,1.0,0.0,3.0,4.0,0.0,3.0,2.0,0.0,2.0,1
1.515663411477933,3.9795969578416246,0.9268739281223902,1.0219103681995318,-0.4906907598684988,1.0576790035337154,-0.43236977250733133,0.0,0.0,1.0,0.0,0.0,0.0,0.0,0.0,0.0,0.0,0.0,0.0,1.0,0.0,1.0,0.0,0.0,0.0,1.0,0.0,0.0,1.0,1.0,0.0,0.0,4.0,4.0,3.0,1.0,2.0,3.0,1
0.26244485310025806,1.6391316394959756,-1.756476406610706,-0.780798109329962,-0.4906907598684988,-0.6978048197587581,-0.43236977250733133,0.0,0.0,1.0,0.0,0.0,0.0,0.0,0.0,0.0,0.0,0.0,1.0,0.0,0.0,1.0,0.0,0.0,0.0,1.0,0.0,0.0,1.0,0.0,1.0,0.0,2.0,4.0,1.0,1.0,2.0,2.0,1
0.26244485310025806,-0.42408747746620745,-0.8620262950330072,-0.780798109329962,-0.4906907598684988,1.0576790035337154,-0.43236977250733133,0.0,0.0,1.0,0.0,0.0,0.0,0.0,0.0,0.0,0.0,0.0,0.0,1.0,0.0,1.0,0.0,0.0,0.0,1.0,0.0,1.0,0.0,1.0,0.0,3.0,4.0,0.0,3.0,1.0,2.0,1.0,1
-0.4894862819263469,0.22245791242673738,-1.756476406610706,1.0219103681995318,-1.0984917453282632,-0.6978048197587581,-0.43236977250733133,0.0,1.0,0.0,0.0,0.0,0.0,0.0,0.0,0.0,0.0,0.0,1.0,0.0,0.0,1.0,0.0,0.0,0.0,1.0,0.0,0.0,1.0,1.0,0.0,3.0,2.0,1.0,1.0,2.0,2.0,2.0,1
-0.7401299936018819,-0.9227682266213039,0.9268739281223902,1.0219103681995318,-1.0116630331197254,-0.6978048197587581,-0.43236977250733133,0.0,0.0,1.0,0.0,0.0,0.0,0.0,0.0,0.0,0.0,0.0,1.0,0.0,0.0,1.0,0.0,0.0,1.0,0.0,0.0,1.0,0.0,1.0,0.0,0.0,2.0,0.0,4.0,1.0,2.0,2.0,1
0.26244485310025806,-0.5230263179599148,0.9268739281223902,1.0219103681995318,1.9405131819705586,-0.6978048197587581,-0.43236977250733133,0.0,0.0,0.0,0.0,0.0,0.0,0.0,0.0,0.0,1.0,0.0,1.0,0.0,0.0,0.0,0.0,1.0,0.0,1.0,0.0,0.0,1.0,1.0,0.0,0.0,2.0,0.0,4.0,0.0,2.0,1.0,1
0.26244485310025806,-0.10443891587115288,-0.8620262950330072,-1.682152348094709,-0.14337591103434777,-0.6978048197587581,-0.43236977250733133,0.0,1.0,0.0,0.0,0.0,0.0,0.0,0.0,0.0,0.0,0.0,0.0,1.0,0.0,1.0,0.0,0.0,0.0,0.0,1.0,0.0,1.0,1.0,0.0,0.0,2.0,0.0,3.0,3.0,2.0,3.0,1
-0.7401299936018819,-0.8992113598370879,0.9268739281223902,1.0219103681995318,1.419540908719332,2.8131628268261886,-0.43236977250733133,0.0,0.0,0.0,1.0,0.0,0.0,0.0,0.0,0.0,0.0,0.0,0.0,1.0,0.0,1.0,0.0,0.0,0.0,1.0,0.0,1.0,0.0,1.0,0.0,3.0,4.0,0.0,4.0,0.0,2.0,2.0,1
-0.23884257025081193,-0.3439941303998729,0.9268739281223902,0.12055612943478493,-0.4906907598684988,-0.6978048197587581,2.312835132301122,1.0,0.0,0.0,0.0,0.0,0.0,0.0,0.0,0.0,0.0,0.0,0.0,1.0,0.0,1.0,0.0,0.0,0.0,1.0,0.0,0.0,1.0,1.0,0.0,0.0,2.0,1.0,3.0,2.0,2.0,3.0,1
2.267594546504538,1.916740254214583,-1.756476406610706,-0.780798109329962,-1.0116630331197254,-0.6978048197587581,-0.43236977250733133,1.0,0.0,0.0,0.0,0.0,0.0,0.0,0.0,0.0,0.0,0.0,1.0,0.0,0.0,1.0,0.0,0.0,0.0,1.0,0.0,1.0,0.0,1.0,0.0,1.0,2.0,4.0,3.0,2.0,2.0,2.0,1
-0.7401299936018819,-0.6179786117670625,0.9268739281223902,0.12055612943478493,-0.14337591103434777,-0.6978048197587581,2.312835132301122,0.0,0.0,0.0,1.0,0.0,0.0,0.0,0.0,0.0,0.0,0.0,1.0,0.0,0.0,1.0,0.0,0.0,0.0,1.0,0.0,1.0,0.0,1.0,0.0,3.0,2.0,0.0,1.0,2.0,2.0,2.0,1
-0.9907737052774169,-0.9930764136388102,0.9268739281223902,0.12055612943478493,-1.0116630331197254,-0.6978048197587581,-0.43236977250733133,0.0,0.0,0.0,1.0,0.0,0.0,0.0,0.0,0.0,0.0,0.0,0.0,1.0,0.0,1.0,0.0,0.0,0.0,1.0,0.0,1.0,0.0,1.0,0.0,1.0,2.0,0.0,2.0,0.0,2.0,2.0,1
-0.907225801385572,-0.6969847188279717,0.9268739281223902,-0.780798109329962,-1.0984917453282632,-0.6978048197587581,-0.43236977250733133,0.0,0.0,1.0,0.0,0.0,0.0,0.0,0.0,0.0,0.0,0.0,1.0,0.0,0.0,1.0,0.0,0.0,0.0,1.0,0.0,1.0,0.0,1.0,0.0,2.0,2.0,0.0,1.0,1.0,2.0,2.0,1
1.265019699802398,2.4132465233588287,-1.756476406610706,0.12055612943478493,-0.40386204765996103,1.0576790035337154,2.312835132301122,0.0,0.0,0.0,0.0,0.0,0.0,0.0,0.0,1.0,0.0,0.0,0.0,1.0,0.0,1.0,0.0,0.0,0.0,1.0,0.0,0.0,1.0,1.0,0.0,1.0,3.0,1.0,3.0,1.0,2.0,1.0,1
0.011801141424723058,-0.09972754251430967,-1.756476406610706,-1.682152348094709,-0.6643481842855743,-0.6978048197587581,-0.43236977250733133,1.0,0.0,0.0,0.0,0.0,0.0,0.0,0.0,0.0,0.0,0.0,1.0,0.0,0.0,1.0,0.0,0.0,0.0,1.0,0.0,0.0,1.0,1.0,0.0,2.0,2.0,1.0,2.0,2.0,0.0,3.0,1
0.26244485310025806,-0.4389464242070206,-0.8620262950330072,1.0219103681995318,-1.2721491697453386,-0.6978048197587581,2.312835132301122,0.0,0.0,0.0,1.0,0.0,0.0,0.0,0.0,0.0,0.0,0.0,0.0,1.0,0.0,1.0,0.0,0.0,1.0,0.0,0.0,1.0,0.0,1.0,0.0,0.0,2.0,0.0,2.0,0.0,2.0,1.0,0
-0.23884257025081193,3.5436137156660568,0.03242381654469148,1.0219103681995318,0.2039389377998033,-0.6978048197587581,-0.43236977250733133,0.0,1.0,0.0,0.0,0.0,0.0,0.0,0.0,0.0,0.0,0.0,1.0,0.0,0.0,1.0,0.0,0.0,0.0,0.0,1.0,0.0,1.0,1.0,0.0,1.0,2.0,0.0,0.0,3.0,2.0,3.0,0
-0.7401299936018819,-0.7941114926459701,0.9268739281223902,-1.682152348094709,-1.1853204575368008,-0.6978048197587581,-0.43236977250733133,1.0,0.0,0.0,0.0,0.0,0.0,0.0,0.0,0.0,0.0,0.0,0.0,0.0,1.0,1.0,0.0,0.0,0.0,1.0,0.0,1.0,0.0,1.0,0.0,1.0,2.0,3.0,2.0,0.0,2.0,2.0,1
0.26244485310025806,-0.10951270256313787,-0.8620262950330072,-1.682152348094709,-0.5775194720770366,-0.6978048197587581,-0.43236977250733133,0.0,0.0,0.0,1.0,0.0,0.0,0.0,0.0,0.0,0.0,0.0,0.0,1.0,0.0,1.0,0.0,0.0,0.0,1.0,0.0,1.0,0.0,1.0,0.0,1.0,2.0,1.0,1.0,2.0,2.0,2.0,1
-0.4894862819263469,-0.687924385449427,0.9268739281223902,1.0219103681995318,0.8117399232595676,-0.6978048197587581,2.312835132301122,0.0,1.0,0.0,0.0,0.0,0.0,0.0,0.0,0.0,0.0,0.0,0.0,1.0,0.0,1.0,0.0,0.0,0.0,0.0,1.0,1.0,0.0,1.0,0.0,3.0,2.0,4.0,4.0,3.0,0.0,2.0,1
1.766307123153468,1.697480186453803,-0.8620262950330072,1.0219103681995318,0.8117399232595676,-0.6978048197587581,2.312835132301122,0.0,0.0,1.0,0.0,0.0,0.0,0.0,0.0,0.0,0.0,0.0,0.0,1.0,0.0,0.0,0.0,1.0,0.0,0.0,1.0,1.0,0.0,1.0,0.0,0.0,2.0,0.0,3.0,1.0,2.0,2.0,1
0.5966364686676381,1.6764602130155795,0.03242381654469148,1.0219103681995318,0.3775963622168788,1.0576790035337154,2.312835132301122,0.0,1.0,0.0,0.0,0.0,0.0,0.0,0.0,0.0,0.0,0.0,0.0,1.0,0.0,0.0,0.0,1.0,1.0,0.0,0.0,0.0,1.0,1.0,0.0,3.0,1.0,4.0,1.0,0.0,0.0,2.0,1
0.26244485310025806,-0.41104059740110316,0.03242381654469148,-0.780798109329962,-0.14337591103434777,-0.6978048197587581,-0.43236977250733133,0.0,0.0,1.0,0.0,0.0,0.0,0.0,0.0,0.0,0.0,0.0,1.0,0.0,0.0,1.0,0.0,0.0,0.0,1.0,0.0,0.0,1.0,1.0,0.0,1.0,3.0,0.0,0.0,1.0,2.0,3.0,0
-0.907225801385572,-0.38132270391947676,-1.756476406610706,0.12055612943478493,-1.0984917453282632,1.0576790035337154,-0.43236977250733133,0.0,0.0,1.0,0.0,0.0,0.0,0.0,0.0,0.0,0.0,0.0,1.0,0.0,0.0,1.0,0.0,0.0,1.0,0.0,0.0,1.0,0.0,1.0,0.0,3.0,4.0,0.0,1.0,0.0,2.0,2.0,1
-1.241417416952952,-1.0256936138015709,0.9268739281223902,1.0219103681995318,0.2039389377998033,-0.6978048197587581,-0.43236977250733133,0.0,0.0,0.0,1.0,0.0,0.0,0.0,0.0,0.0,0.0,0.0,0.0,1.0,0.0,1.0,0.0,0.0,0.0,1.0,0.0,1.0,0.0,1.0,0.0,1.0,2.0,4.0,4.0,1.0,2.0,2.0,1
1.265019699802398,2.1225910285751173,-0.8620262950330072,1.0219103681995318,-0.05654719882581,-0.6978048197587581,2.312835132301122,0.0,0.0,0.0,0.0,0.0,0.0,1.0,0.0,0.0,0.0,0.0,0.0,1.0,0.0,1.0,0.0,0.0,0.0,0.0,1.0,0.0,1.0,1.0,0.0,3.0,2.0,4.0,2.0,3.0,2.0,1.0,1
-0.7401299936018819,-0.46250329099123666,0.9268739281223902,-0.780798109329962,0.11711022559126552,-0.6978048197587581,-0.43236977250733133,0.0,0.0,1.0,0.0,0.0,0.0,0.0,0.0,0.0,0.0,0.0,0.0,1.0,0.0,1.0,0.0,0.0,0.0,1.0,0.0,1.0,0.0,1.0,0.0,1.0,2.0,0.0,2.0,1.0,2.0,1.0,0
-0.907225801385572,-0.6647299320003528,-0.8620262950330072,1.0219103681995318,2.461485455221785,-0.6978048197587581,-0.43236977250733133,1.0,0.0,0.0,0.0,0.0,0.0,0.0,0.0,0.0,0.0,0.0,1.0,0.0,0.0,1.0,0.0,0.0,0.0,1.0,0.0,0.0,1.0,1.0,0.0,3.0,2.0,0.0,2.0,2.0,2.0,2.0,1
1.265019699802398,1.5260586789317385,0.03242381654469148,-0.780798109329962,0.11711022559126552,1.0576790035337154,-0.43236977250733133,0.0,0.0,0.0,0.0,0.0,0.0,0.0,0.0,1.0,0.0,0.0,0.0,1.0,0.0,1.0,0.0,0.0,0.0,1.0,0.0,1.0,0.0,1.0,0.0,3.0,2.0,4.0,4.0,1.0,2.0,2.0,1
-1.241417416952952,-0.919144093269886,0.03242381654469148,1.0219103681995318,0.4644250744254166,-0.6978048197587581,2.312835132301122,1.0,0.0,0.0,0.0,0.0,0.0,0.0,0.0,0.0,0.0,0.0,0.0,1.0,0.0,1.0,0.0,0.0,0.0,1.0,0.0,0.0,1.0,1.0,0.0,0.0,2.0,0.0,1.0,0.0,2.0,1.0,1
-1.241417416952952,4.239447319138285,-1.756476406610706,1.0219103681995318,2.808800304055936,-0.6978048197587581,-0.43236977250733133,1.0,0.0,0.0,0.0,0.0,0.0,0.0,0.0,0.0,0.0,0.0,0.0,1.0,0.0,1.0,0.0,0.0,0.0,1.0,0.0,0.0,1.0,1.0,0.0,0.0,2.0,0.0,4.0,3.0,0.0,3.0,0
-0.907225801385572,-0.715105385585061,-0.8620262950330072,-0.780798109329962,0.11711022559126552,-0.6978048197587581,-0.43236977250733133,0.0,0.0,0.0,0.0,1.0,0.0,0.0,0.0,0.0,0.0,0.0,0.0,1.0,0.0,1.0,0.0,0.0,0.0,1.0,0.0,0.0,1.0,1.0,0.0,2.0,2.0,0.0,2.0,2.0,2.0,2.0,1
2.7688819698556077,4.6196189077020176,0.03242381654469148,1.0219103681995318,1.9405131819705586,-0.6978048197587581,-0.43236977250733133,0.0,0.0,0.0,0.0,0.0,0.0,0.0,0.0,1.0,0.0,0.0,0.0,1.0,0.0,1.0,0.0,0.0,1.0,0.0,0.0,0.0,1.0,1.0,0.0,1.0,0.0,0.0,1.0,3.0,2.0,2.0,0
0.26244485310025806,0.15323696541465642,-0.8620262950330072,1.0219103681995318,-0.40386204765996103,1.0576790035337154,-0.43236977250733133,0.0,0.0,0.0,1.0,0.0,0.0,0.0,0.0,0.0,0.0,0.0,0.0,1.0,0.0,1.0,0.0,0.0,0.0,1.0,0.0,1.0,0.0,1.0,0.0,3.0,2.0,1.0,4.0,2.0,2.0,2.0,0
1.265019699802398,1.8232376137480024,-0.8620262950330072,-0.780798109329962,-0.8380056087026498,-0.6978048197587581,2.312835132301122,0.0,1.0,0.0,0.0,0.0,0.0,0.0,0.0,0.0,0.0,0.0,0.0,1.0,0.0,1.0,0.0,0.0,0.0,1.0,0.0,1.0,0.0,1.0,0.0,0.0,2.0,0.0,2.0,1.0,2.0,2.0,0
-0.4894862819263469,-0.18525708960777099,-0.8620262950330072,1.0219103681995318,-0.8380056087026498,-0.6978048197587581,-0.43236977250733133,0.0,0.0,0.0,0.0,0.0,0.0,0.0,0.0,1.0,0.0,0.0,0.0,1.0,0.0,1.0,0.0,0.0,1.0,0.0,0.0,0.0,1.0,1.0,0.0,2.0,2.0,0.0,3.0,1.0,2.0,2.0,1
1.265019699802398,0.05466053825609083,0.9268739281223902,-0.780798109329962,-0.6643481842855743,-0.6978048197587581,-0.43236977250733133,0.0,0.0,1.0,0.0,0.0,0.0,0.0,0.0,0.0,0.0,0.0,1.0,0.0,0.0,1.0,0.0,0.0,0.0,1.0,0.0,0.0,1.0,1.0,0.0,3.0,2.0,0.0,2.0,2.0,2.0,3.0,0
-0.23884257025081193,-0.45489261095325917,0.9268739281223902,1.0219103681995318,-1.0984917453282632,-0.6978048197587581,-0.43236977250733133,0.0,0.0,0.0,0.0,0.0,1.0,0.0,0.0,0.0,0.0,0.0,1.0,0.0,0.0,1.0,0.0,0.0,0.0,1.0,0.0,1.0,0.0,1.0,0.0,3.0,2.0,0.0,1.0,0.0,2.0,2.0,0
0.26244485310025806,-0.7074947055470835,0.9268739281223902,-0.780798109329962,-1.0984917453282632,-0.6978048197587581,-0.43236977250733133,1.0,0.0,0.0,0.0,0.0,0.0,0.0,0.0,0.0,0.0,0.0,0.0,1.0,0.0,1.0,0.0,0.0,0.0,1.0,0.0,1.0,0.0,1.0,0.0,1.0,2.0,0.0,1.0,0.0,0.0,1.0,0
-0.7401299936018819,-0.9271171866430054,0.9268739281223902,-0.780798109329962,1.1590547720937188,-0.6978048197587581,-0.43236977250733133,1.0,0.0,0.0,0.0,0.0,0.0,0.0,0.0,0.0,0.0,1.0,0.0,0.0,0.0,1.0,0.0,0.0,0.0,1.0,0.0,1.0,0.0,1.0,0.0,3.0,2.0,0.0,2.0,0.0,2.0,1.0,1
0.26244485310025806,0.15178731207408927,0.9268739281223902,1.0219103681995318,-1.3589778819538765,1.0576790035337154,-0.43236977250733133,0.0,0.0,1.0,0.0,0.0,0.0,0.0,0.0,0.0,0.0,0.0,0.0,1.0,0.0,0.0,1.0,0.0,1.0,0.0,0.0,1.0,0.0,1.0,0.0,2.0,4.0,4.0,4.0,3.0,2.0,2.0,1
-1.241417416952952,-0.7107564255633595,-1.756476406610706,-1.682152348094709,-0.7511768964941121,1.0576790035337154,-0.43236977250733133,0.0,0.0,0.0,1.0,0.0,0.0,0.0,0.0,0.0,0.0,0.0,1.0,0.0,0.0,1.0,0.0,0.0,0.0,1.0,0.0,1.0,0.0,1.0,0.0,3.0,4.0,1.0,2.0,1.0,2.0,2.0,1
-0.23884257025081193,1.9109416408523145,-1.756476406610706,-0.780798109329962,-1.0984917453282632,1.0576790035337154,-0.43236977250733133,0.0,0.0,0.0,0.0,0.0,0.0,1.0,0.0,0.0,0.0,0.0,1.0,0.0,0.0,1.0,0.0,0.0,1.0,0.0,0.0,0.0,1.0,1.0,0.0,0.0,3.0,4.0,2.0,2.0,2.0,2.0,1
0.763732276451328,-0.07508343572466827,-0.8620262950330072,1.0219103681995318,-0.9248343209111876,-0.6978048197587581,-0.43236977250733133,0.0,0.0,0.0,1.0,0.0,0.0,0.0,0.0,0.0,0.0,0.0,1.0,0.0,0.0,1.0,0.0,0.0,0.0,1.0,0.0,1.0,0.0,1.0,0.0,1.0,2.0,4.0,4.0,2.0,2.0,2.0,1
0.763732276451328,-0.46757707768322165,0.9268739281223902,1.0219103681995318,2.6351428796388605,-0.6978048197587581,-0.43236977250733133,0.0,0.0,0.0,0.0,0.0,0.0,0.0,0.0,1.0,0.0,0.0,0.0,1.0,0.0,1.0,0.0,0.0,0.0,1.0,0.0,0.0,1.0,1.0,0.0,2.0,3.0,0.0,4.0,0.0,2.0,3.0,0
-0.23884257025081193,-0.15191506277472674,-1.756476406610706,0.12055612943478493,-1.2721491697453386,-0.6978048197587581,-0.43236977250733133,0.0,1.0,0.0,0.0,0.0,0.0,0.0,0.0,0.0,0.0,0.0,0.0,0.0,1.0,1.0,0.0,0.0,1.0,0.0,0.0,0.0,1.0,1.0,0.0,1.0,2.0,0.0,2.0,2.0,2.0,2.0,1
0.763732276451328,-0.04391588890247474,0.03242381654469148,-0.780798109329962,0.3775963622168788,1.0576790035337154,2.312835132301122,0.0,0.0,0.0,1.0,0.0,0.0,0.0,0.0,0.0,0.0,0.0,0.0,1.0,0.0,1.0,0.0,0.0,0.0,1.0,0.0,0.0,1.0,1.0,0.0,3.0,4.0,4.0,4.0,2.0,2.0,2.0,1
0.763732276451328,-0.24505528990616554,-1.756476406610706,0.12055612943478493,0.29076765000834104,-0.6978048197587581,2.312835132301122,0.0,0.0,0.0,1.0,0.0,0.0,0.0,0.0,0.0,0.0,0.0,0.0,1.0,0.0,0.0,0.0,1.0,0.0,1.0,0.0,1.0,0.0,1.0,0.0,0.0,2.0,0.0,4.0,1.0,2.0,2.0,1
0.26244485310025806,0.3518394730723547,0.9268739281223902,1.0219103681995318,-0.6643481842855743,-0.6978048197587581,-0.43236977250733133,0.0,0.0,1.0,0.0,0.0,0.0,0.0,0.0,0.0,0.0,0.0,0.0,1.0,0.0,1.0,0.0,0.0,0.0,1.0,0.0,1.0,0.0,1.0,0.0,0.0,2.0,0.0,2.0,1.0,2.0,2.0,1
-0.23884257025081193,0.11264667187877647,0.9268739281223902,-1.682152348094709,-0.9248343209111876,-0.6978048197587581,-0.43236977250733133,0.0,0.0,0.0,1.0,0.0,0.0,0.0,0.0,0.0,0.0,0.0,1.0,0.0,0.0,0.0,0.0,1.0,0.0,1.0,0.0,1.0,0.0,1.0,0.0,0.0,2.0,0.0,3.0,0.0,2.0,2.0,1
3.270169393206678,4.513794213840616,-0.8620262950330072,1.0219103681995318,-1.2721491697453386,1.0576790035337154,-0.43236977250733133,0.0,0.0,0.0,1.0,0.0,0.0,0.0,0.0,0.0,0.0,0.0,0.0,1.0,0.0,1.0,0.0,0.0,0.0,1.0,0.0,0.0,1.0,1.0,0.0,3.0,3.0,0.0,3.0,2.0,2.0,2.0,1
0.26244485310025806,-0.018184542107407994,0.03242381654469148,-0.780798109329962,-0.40386204765996103,1.0576790035337154,-0.43236977250733133,0.0,0.0,0.0,1.0,0.0,0.0,0.0,0.0,0.0,0.0,0.0,0.0,1.0,0.0,1.0,0.0,0.0,0.0,1.0,0.0,0.0,1.0,1.0,0.0,2.0,4.0,4.0,2.0,2.0,2.0,2.0,1
0.513088564775793,1.8554924005756215,-0.8620262950330072,1.0219103681995318,0.5512537866339543,1.0576790035337154,-0.43236977250733133,0.0,0.0,0.0,0.0,0.0,0.0,0.0,0.0,1.0,0.0,0.0,1.0,0.0,0.0,1.0,0.0,0.0,0.0,0.0,1.0,0.0,1.0,1.0,0.0,1.0,0.0,0.0,4.0,3.0,1.0,3.0,0
2.267594546504538,0.6877966347487896,-0.8620262950330072,0.12055612943478493,-0.4906907598684988,-0.6978048197587581,-0.43236977250733133,0.0,0.0,1.0,0.0,0.0,0.0,0.0,0.0,0.0,0.0,0.0,1.0,0.0,0.0,1.0,0.0,0.0,0.0,1.0,0.0,0.0,1.0,1.0,0.0,1.0,4.0,0.0,2.0,2.0,2.0,3.0,0
0.26244485310025806,-0.3244238103022165,0.9268739281223902,-1.682152348094709,0.8117399232595676,-0.6978048197587581,-0.43236977250733133,1.0,0.0,0.0,0.0,0.0,0.0,0.0,0.0,0.0,0.0,0.0,0.0,1.0,0.0,0.0,1.0,0.0,0.0,1.0,0.0,1.0,0.0,1.0,0.0,0.0,2.0,0.0,4.0,0.0,2.0,2.0,0
-0.23884257025081193,-0.6875619721142853,0.9268739281223902,-0.780798109329962,-0.31703333545142326,-0.6978048197587581,-0.43236977250733133,0.0,0.0,0.0,1.0,0.0,0.0,0.0,0.0,0.0,0.0,0.0,0.0,0.0,1.0,0.0,0.0,1.0,0.0,1.0,0.0,1.0,0.0,1.0,0.0,1.0,2.0,0.0,4.0,0.0,2.0,1.0,1
-0.7401299936018819,-0.39944337067656605,-0.8620262950330072,0.12055612943478493,1.1590547720937188,-0.6978048197587581,2.312835132301122,0.0,0.0,0.0,0.0,0.0,0.0,1.0,0.0,0.0,0.0,0.0,0.0,1.0,0.0,1.0,0.0,0.0,0.0,1.0,0.0,1.0,0.0,1.0,0.0,3.0,4.0,0.0,3.0,0.0,2.0,1.0,1
-0.7401299936018819,-0.37226237054093214,-0.8620262950330072,-0.780798109329962,-0.5775194720770366,-0.6978048197587581,-0.43236977250733133,0.0,0.0,0.0,1.0,0.0,0.0,0.0,0.0,0.0,0.0,0.0,1.0,0.0,0.0,1.0,0.0,0.0,0.0,1.0,0.0,1.0,0.0,1.0,0.0,3.0,2.0,0.0,1.0,2.0,0.0,2.0,1
0.26244485310025806,0.16737108548518603,-0.8620262950330072,1.0219103681995318,-0.6643481842855743,-0.6978048197587581,-0.43236977250733133,0.0,0.0,0.0,1.0,0.0,0.0,0.0,0.0,0.0,0.0,0.0,1.0,0.0,0.0,1.0,0.0,0.0,0.0,1.0,0.0,1.0,0.0,1.0,0.0,0.0,2.0,0.0,2.0,2.0,2.0,2.0,1
-0.656582089710037,-0.3976313040008571,-0.8620262950330072,1.0219103681995318,-1.0984917453282632,-0.6978048197587581,-0.43236977250733133,0.0,0.0,0.0,1.0,0.0,0.0,0.0,0.0,0.0,0.0,0.0,1.0,0.0,0.0,0.0,0.0,1.0,0.0,1.0,0.0,1.0,0.0,1.0,0.0,1.0,2.0,0.0,1.0,1.0,2.0,1.0,1
-0.7401299936018819,1.0436865298580227,-0.8620262950330072,-0.780798109329962,-0.31703333545142326,-0.6978048197587581,-0.43236977250733133,1.0,0.0,0.0,0.0,0.0,0.0,0.0,0.0,0.0,0.0,0.0,0.0,1.0,0.0,1.0,0.0,0.0,0.0,1.0,0.0,1.0,0.0,1.0,0.0,1.0,2.0,0.0,3.0,2.0,2.0,2.0,1
-0.23884257025081193,-0.6136296517453611,0.9268739281223902,-0.780798109329962,-0.31703333545142326,-0.6978048197587581,-0.43236977250733133,0.0,0.0,0.0,1.0,0.0,0.0,0.0,0.0,0.0,0.0,0.0,0.0,1.0,0.0,1.0,0.0,0.0,0.0,0.0,1.0,0.0,1.0,1.0,0.0,3.0,2.0,0.0,2.0,3.0,2.0,3.0,1
0.26244485310025806,-0.47011397102921415,0.9268739281223902,1.0219103681995318,-0.5775194720770366,-0.6978048197587581,-0.43236977250733133,0.0,0.0,0.0,1.0,0.0,0.0,0.0,0.0,0.0,0.0,0.0,0.0,1.0,0.0,1.0,0.0,0.0,1.0,0.0,0.0,0.0,1.0,1.0,0.0,3.0,2.0,1.0,2.0,2.0,2.0,3.0,1
2.267594546504538,0.5761733275251197,0.9268739281223902,0.12055612943478493,-0.8380056087026498,-0.6978048197587581,2.312835132301122,0.0,1.0,0.0,0.0,0.0,0.0,0.0,0.0,0.0,0.0,0.0,0.0,1.0,0.0,1.0,0.0,0.0,0.0,1.0,0.0,1.0,0.0,1.0,0.0,0.0,2.0,0.0,3.0,1.0,2.0,2.0,1
-0.7401299936018819,-0.3432693037295893,-1.756476406610706,-0.780798109329962,0.8985686354681054,-0.6978048197587581,-0.43236977250733133,0.0,0.0,1.0,0.0,0.0,0.0,0.0,0.0,0.0,0.0,0.0,1.0,0.0,0.0,1.0,0.0,0.0,0.0,1.0,0.0,1.0,0.0,1.0,0.0,2.0,2.0,0.0,2.0,2.0,2.0,1.0,1
0.513088564775793,1.0027338229870009,-1.756476406610706,-0.780798109329962,-0.4906907598684988,1.0576790035337154,-0.43236977250733133,0.0,1.0,0.0,0.0,0.0,0.0,0.0,0.0,0.0,0.0,0.0,0.0,1.0,0.0,1.0,0.0,0.0,0.0,1.0,0.0,0.0,1.0,1.0,0.0,1.0,3.0,0.0,4.0,2.0,2.0,3.0,1
-0.23884257025081193,-0.5907976116314286,0.03242381654469148,1.0219103681995318,-1.0116630331197254,-0.6978048197587581,-0.43236977250733133,0.0,0.0,0.0,0.0,0.0,0.0,0.0,0.0,1.0,0.0,0.0,1.0,0.0,0.0,1.0,0.0,0.0,1.0,0.0,0.0,1.0,0.0,1.0,0.0,3.0,2.0,1.0,2.0,1.0,2.0,1.0,1
0.26244485310025806,0.10503599184079898,0.03242381654469148,1.0219103681995318,-1.0984917453282632,-0.6978048197587581,-0.43236977250733133,0.0,1.0,0.0,0.0,0.0,0.0,0.0,0.0,0.0,0.0,0.0,1.0,0.0,0.0,1.0,0.0,0.0,0.0,1.0,0.0,1.0,0.0,1.0,0.0,3.0,2.0,1.0,3.0,2.0,2.0,2.0,1
-0.23884257025081193,-0.7426487990558366,0.9268739281223902,0.12055612943478493,0.8985686354681054,1.0576790035337154,-0.43236977250733133,0.0,0.0,0.0,1.0,0.0,0.0,0.0,0.0,0.0,0.0,0.0,0.0,1.0,0.0,1.0,0.0,0.0,0.0,1.0,0.0,1.0,0.0,1.0,0.0,3.0,4.0,3.0,2.0,0.0,2.0,2.0,1
1.265019699802398,-0.30811521022083616,0.03242381654469148,-0.780798109329962,0.8985686354681054,1.0576790035337154,-0.43236977250733133,0.0,0.0,1.0,0.0,0.0,0.0,0.0,0.0,0.0,0.0,0.0,0.0,0.0,1.0,1.0,0.0,0.0,0.0,1.0,0.0,0.0,1.0,1.0,0.0,0.0,4.0,0.0,2.0,1.0,2.0,2.0,1
-0.23884257025081193,-0.34798067708643254,-0.8620262950330072,-1.682152348094709,-0.9248343209111876,1.0576790035337154,-0.43236977250733133,0.0,0.0,0.0,1.0,0.0,0.0,0.0,0.0,0.0,0.0,0.0,1.0,0.0,0.0,1.0,0.0,0.0,0.0,1.0,0.0,1.0,0.0,1.0,0.0,3.0,4.0,0.0,2.0,2.0,2.0,2.0,1
-0.23884257025081193,-0.121109929287675,-0.8620262950330072,-1.682152348094709,-0.14337591103434777,-0.6978048197587581,2.312835132301122,0.0,0.0,1.0,0.0,0.0,0.0,0.0,0.0,0.0,0.0,0.0,0.0,1.0,0.0,1.0,0.0,0.0,0.0,1.0,0.0,1.0,0.0,1.0,0.0,2.0,2.0,0.0,2.0,0.0,2.0,1.0,0
0.26244485310025806,0.2978398861362287,-0.8620262950330072,-0.780798109329962,-0.7511768964941121,-0.6978048197587581,-0.43236977250733133,0.0,0.0,1.0,0.0,0.0,0.0,0.0,0.0,0.0,0.0,0.0,0.0,1.0,0.0,1.0,0.0,0.0,0.0,1.0,0.0,1.0,0.0,1.0,0.0,0.0,2.0,0.0,2.0,2.0,1.0,2.0,1
-0.23884257025081193,-0.7788901325700152,0.9268739281223902,1.0219103681995318,-1.2721491697453386,-0.6978048197587581,-0.43236977250733133,0.0,0.0,1.0,0.0,0.0,0.0,0.0,0.0,0.0,0.0,0.0,1.0,0.0,0.0,1.0,0.0,0.0,1.0,0.0,0.0,1.0,0.0,1.0,0.0,0.0,4.0,0.0,1.0,1.0,2.0,2.0,1
0.011801141424723058,0.07821740504030687,-0.8620262950330072,-1.682152348094709,-0.8380056087026498,1.0576790035337154,-0.43236977250733133,0.0,0.0,0.0,0.0,0.0,0.0,1.0,0.0,0.0,0.0,0.0,0.0,1.0,0.0,1.0,0.0,0.0,0.0,1.0,0.0,1.0,0.0,1.0,0.0,0.0,3.0,0.0,1.0,1.0,1.0,2.0,0
-1.241417416952952,-0.6882867987845689,-1.756476406610706,-1.682152348094709,3.3297725773071627,2.8131628268261886,2.312835132301122,1.0,0.0,0.0,0.0,0.0,0.0,0.0,0.0,0.0,0.0,0.0,0.0,1.0,0.0,1.0,0.0,0.0,0.0,1.0,0.0,1.0,0.0,0.0,1.0,2.0,4.0,0.0,2.0,0.0,2.0,0.0,1
0.513088564775793,-0.2740483567175084,0.9268739281223902,1.0219103681995318,0.6380824988424921,4.568646650118662,2.312835132301122,0.0,0.0,0.0,0.0,0.0,0.0,0.0,0.0,1.0,0.0,0.0,0.0,1.0,0.0,1.0,0.0,0.0,0.0,1.0,0.0,0.0,1.0,1.0,0.0,0.0,4.0,0.0,4.0,2.0,1.0,3.0,1
-0.4894862819263469,-1.0169956937581681,0.9268739281223902,1.0219103681995318,-1.0984917453282632,-0.6978048197587581,-0.43236977250733133,0.0,0.0,0.0,0.0,0.0,0.0,1.0,0.0,0.0,0.0,0.0,1.0,0.0,0.0,1.0,0.0,0.0,1.0,0.0,0.0,0.0,1.0,1.0,0.0,2.0,2.0,0.0,1.0,1.0,2.0,2.0,1
0.26244485310025806,-0.13415680935277927,0.9268739281223902,1.0219103681995318,-1.1853204575368008,-0.6978048197587581,-0.43236977250733133,0.0,0.0,1.0,0.0,0.0,0.0,0.0,0.0,0.0,0.0,0.0,0.0,1.0,0.0,1.0,0.0,0.0,0.0,1.0,0.0,0.0,1.0,1.0,0.0,0.0,1.0,2.0,2.0,0.0,1.0,2.0,1
-0.7401299936018819,-0.4077788773848271,0.9268739281223902,-0.780798109329962,-0.6643481842855743,-0.6978048197587581,-0.43236977250733133,0.0,0.0,0.0,1.0,0.0,0.0,0.0,0.0,0.0,0.0,0.0,1.0,0.0,0.0,0.0,1.0,0.0,0.0,1.0,0.0,1.0,0.0,1.0,0.0,3.0,2.0,1.0,2.0,0.0,2.0,2.0,1
-0.23884257025081193,-0.7556956791209409,0.9268739281223902,1.0219103681995318,-0.8380056087026498,-0.6978048197587581,2.312835132301122,0.0,0.0,0.0,1.0,0.0,0.0,0.0,0.0,0.0,0.0,0.0,1.0,0.0,0.0,0.0,0.0,1.0,0.0,1.0,0.0,1.0,0.0,1.0,0.0,1.0,2.0,0.0,2.0,0.0,2.0,1.0,1
-0.23884257025081193,-0.07145930237325042,-0.8620262950330072,1.0219103681995318,0.3775963622168788,-0.6978048197587581,-0.43236977250733133,0.0,0.0,1.0,0.0,0.0,0.0,0.0,0.0,0.0,0.0,0.0,1.0,0.0,0.0,1.0,0.0,0.0,1.0,0.0,0.0,1.0,0.0,1.0,0.0,1.0,2.0,0.0,3.0,0.0,2.0,2.0,1
-0.7401299936018819,-0.7357629456881427,0.9268739281223902,0.12055612943478493,-0.7511768964941121,-0.6978048197587581,-0.43236977250733133,1.0,0.0,0.0,0.0,0.0,0.0,0.0,0.0,0.0,0.0,0.0,0.0,0.0,1.0,1.0,0.0,0.0,0.0,1.0,0.0,1.0,0.0,1.0,0.0,0.0,2.0,0.0,2.0,0.0,2.0,1.0,1
-1.241417416952952,-0.7785277192348734,0.9268739281223902,-1.682152348094709,-0.05654719882581,1.0576790035337154,-0.43236977250733133,0.0,0.0,1.0,0.0,0.0,0.0,0.0,0.0,0.0,0.0,0.0,0.0,1.0,0.0,1.0,0.0,0.0,0.0,1.0,0.0,0.0,1.0,0.0,1.0,1.0,3.0,0.0,0.0,1.0,1.0,3.0,1
0.26244485310025806,1.9750888011724106,-0.8620262950330072,-0.780798109329962,-0.7511768964941121,1.0576790035337154,-0.43236977250733133,0.0,0.0,0.0,0.0,0.0,0.0,0.0,0.0,1.0,0.0,0.0,0.0,1.0,0.0,1.0,0.0,0.0,0.0,1.0,0.0,0.0,1.0,1.0,0.0,3.0,3.0,0.0,1.0,2.0,0.0,2.0,0
-0.4894862819263469,-0.4962077311594227,0.9268739281223902,1.0219103681995318,0.8985686354681054,1.0576790035337154,-0.43236977250733133,0.0,0.0,0.0,1.0,0.0,0.0,0.0,0.0,0.0,0.0,0.0,0.0,1.0,0.0,1.0,0.0,0.0,0.0,1.0,0.0,0.0,1.0,1.0,0.0,3.0,4.0,0.0,4.0,2.0,2.0,2.0,1
0.763732276451328,0.3920673532730929,0.9268739281223902,1.0219103681995318,-0.8380056087026498,1.0576790035337154,-0.43236977250733133,0.0,0.0,0.0,0.0,0.0,0.0,0.0,0.0,1.0,0.0,0.0,1.0,0.0,0.0,1.0,0.0,0.0,1.0,0.0,0.0,1.0,0.0,1.0,0.0,1.0,0.0,1.0,2.0,2.0,2.0,1.0,0
-0.4894862819263469,-0.7016960921848149,0.9268739281223902,0.12055612943478493,0.030281513382727766,1.0576790035337154,-0.43236977250733133,0.0,0.0,0.0,0.0,1.0,0.0,0.0,0.0,0.0,0.0,0.0,0.0,1.0,0.0,1.0,0.0,0.0,0.0,1.0,0.0,0.0,1.0,1.0,0.0,3.0,2.0,2.0,3.0,1.0,2.0,2.0,1
-0.7401299936018819,-0.7520715457695231,0.9268739281223902,1.0219103681995318,-0.5775194720770366,-0.6978048197587581,-0.43236977250733133,0.0,0.0,1.0,0.0,0.0,0.0,0.0,0.0,0.0,0.0,0.0,1.0,0.0,0.0,1.0,0.0,0.0,1.0,0.0,0.0,1.0,0.0,1.0,0.0,3.0,2.0,2.0,2.0,2.0,2.0,1.0,0
-0.7401299936018819,-0.3447189570701565,-0.8620262950330072,-0.780798109329962,0.030281513382727766,1.0576790035337154,-0.43236977250733133,1.0,0.0,0.0,0.0,0.0,0.0,0.0,0.0,0.0,0.0,0.0,1.0,0.0,0.0,1.0,0.0,0.0,0.0,1.0,0.0,0.0,1.0,1.0,0.0,2.0,3.0,0.0,2.0,2.0,1.0,2.0,1
-0.7401299936018819,-0.34508137040529824,0.03242381654469148,0.12055612943478493,2.114170606387634,1.0576790035337154,-0.43236977250733133,0.0,0.0,1.0,0.0,0.0,0.0,0.0,0.0,0.0,0.0,0.0,0.0,1.0,0.0,1.0,0.0,0.0,0.0,1.0,0.0,1.0,0.0,1.0,0.0,0.0,4.0,0.0,4.0,1.0,2.0,2.0,0
-0.23884257025081193,-0.632475145172734,0.03242381654469148,-1.682152348094709,-0.8380056087026498,-0.6978048197587581,-0.43236977250733133,0.0,0.0,0.0,1.0,0.0,0.0,0.0,0.0,0.0,0.0,0.0,1.0,0.0,0.0,1.0,0.0,0.0,0.0,1.0,0.0,1.0,0.0,1.0,0.0,3.0,2.0,0.0,1.0,0.0,2.0,2.0,1
0.011801141424723058,-0.0743586090543847,0.03242381654469148,-0.780798109329962,-0.6643481842855743,1.0576790035337154,-0.43236977250733133,0.0,1.0,0.0,0.0,0.0,0.0,0.0,0.0,0.0,0.0,0.0,0.0,1.0,0.0,1.0,0.0,0.0,0.0,1.0,0.0,1.0,0.0,1.0,0.0,3.0,3.0,0.0,2.0,0.0,1.0,1.0,1
0.26244485310025806,-0.18815639628890526,0.9268739281223902,-1.682152348094709,-0.5775194720770366,-0.6978048197587581,-0.43236977250733133,0.0,1.0,0.0,0.0,0.0,0.0,0.0,0.0,0.0,0.0,0.0,1.0,0.0,0.0,1.0,0.0,0.0,0.0,1.0,0.0,0.0,1.0,1.0,0.0,3.0,2.0,0.0,1.0,3.0,2.0,3.0,1
-0.23884257025081193,-1.0021367470173548,0.03242381654469148,1.0219103681995318,-1.1853204575368008,-0.6978048197587581,-0.43236977250733133,0.0,0.0,0.0,1.0,0.0,0.0,0.0,0.0,0.0,0.0,0.0,1.0,0.0,0.0,0.0,1.0,0.0,1.0,0.0,0.0,1.0,0.0,1.0,0.0,3.0,2.0,0.0,0.0,0.0,2.0,2.0,0
2.267594546504538,3.2638306209365986,-0.8620262950330072,-0.780798109329962,1.072226059885181,-0.6978048197587581,-0.43236977250733133,0.0,0.0,0.0,0.0,0.0,0.0,0.0,0.0,1.0,0.0,0.0,0.0,1.0,0.0,1.0,0.0,0.0,0.0,1.0,0.0,0.0,1.0,1.0,0.0,1.0,0.0,4.0,2.0,2.0,0.0,3.0,1
0.26244485310025806,-0.006224902047729082,0.9268739281223902,1.0219103681995318,-0.8380056087026498,-0.6978048197587581,-0.43236977250733133,0.0,0.0,0.0,1.0,0.0,0.0,0.0,0.0,0.0,0.0,0.0,1.0,0.0,0.0,1.0,0.0,0.0,0.0,1.0,0.0,0.0,1.0,1.0,0.0,3.0,2.0,0.0,1.0,1.0,2.0,2.0,1
3.270169393206678,1.5256962655965969,0.9268739281223902,-0.780798109329962,-1.0116630331197254,-0.6978048197587581,-0.43236977250733133,1.0,0.0,0.0,0.0,0.0,0.0,0.0,0.0,0.0,0.0,0.0,1.0,0.0,0.0,1.0,0.0,0.0,0.0,1.0,0.0,1.0,0.0,1.0,0.0,1.0,2.0,1.0,1.0,1.0,2.0,3.0,0
-0.4894862819263469,-0.6259517051401818,0.9268739281223902,1.0219103681995318,-0.05654719882581,1.0576790035337154,-0.43236977250733133,0.0,0.0,0.0,1.0,0.0,0.0,0.0,0.0,0.0,0.0,0.0,0.0,1.0,0.0,1.0,0.0,0.0,0.0,0.0,1.0,0.0,1.0,1.0,0.0,3.0,4.0,0.0,2.0,3.0,2.0,2.0,1
0.26244485310025806,-0.3418196503890222,0.9268739281223902,-1.682152348094709,1.5931983331364075,-0.6978048197587581,-0.43236977250733133,1.0,0.0,0.0,0.0,0.0,0.0,0.0,0.0,0.0,0.0,0.0,0.0,1.0,0.0,1.0,0.0,0.0,0.0,1.0,0.0,1.0,0.0,1.0,0.0,3.0,2.0,4.0,1.0,1.0,2.0,2.0,1
-1.241417416952952,-0.6611057986489349,-1.756476406610706,-0.780798109329962,0.030281513382727766,-0.6978048197587581,-0.43236977250733133,0.0,0.0,1.0,0.0,0.0,0.0,0.0,0.0,0.0,0.0,0.0,0.0,1.0,0.0,1.0,0.0,0.0,0.0,1.0,0.0,0.0,1.0,1.0,0.0,0.0,2.0,0.0,2.0,0.0,0.0,1.0,1
-0.9907737052774169,-0.39147027730344675,-0.8620262950330072,-0.780798109329962,0.11711022559126552,-0.6978048197587581,2.312835132301122,0.0,0.0,0.0,1.0,0.0,0.0,0.0,0.0,0.0,0.0,0.0,0.0,1.0,0.0,1.0,0.0,0.0,0.0,1.0,0.0,1.0,0.0,1.0,0.0,1.0,2.0,0.0,2.0,0.0,2.0,1.0,1
-0.23884257025081193,0.9668549028079643,-0.8620262950330072,-0.780798109329962,-0.4906907598684988,1.0576790035337154,-0.43236977250733133,1.0,0.0,0.0,0.0,0.0,0.0,0.0,0.0,0.0,0.0,0.0,0.0,1.0,0.0,1.0,0.0,0.0,0.0,1.0,0.0,0.0,1.0,1.0,0.0,1.0,2.0,1.0,2.0,2.0,2.0,2.0,1
-0.4894862819263469,-0.63573686518901,0.9268739281223902,-1.682152348094709,-1.0984917453282632,-0.6978048197587581,-0.43236977250733133,0.0,0.0,0.0,1.0,0.0,0.0,0.0,0.0,0.0,0.0,0.0,0.0,1.0,0.0,1.0,0.0,0.0,0.0,1.0,0.0,1.0,0.0,1.0,0.0,1.0,2.0,4.0,1.0,1.0,2.0,2.0,1
-0.9907737052774169,-0.6382737585350025,-0.8620262950330072,0.12055612943478493,-0.5775194720770366,-0.6978048197587581,-0.43236977250733133,1.0,0.0,0.0,0.0,0.0,0.0,0.0,0.0,0.0,0.0,0.0,0.0,1.0,0.0,1.0,0.0,0.0,0.0,1.0,0.0,1.0,0.0,1.0,0.0,1.0,1.0,1.0,3.0,3.0,2.0,2.0,0
0.26244485310025806,0.202887592329081,-1.756476406610706,1.0219103681995318,-1.0984917453282632,-0.6978048197587581,-0.43236977250733133,0.0,0.0,0.0,1.0,0.0,0.0,0.0,0.0,0.0,0.0,0.0,1.0,0.0,0.0,1.0,0.0,0.0,1.0,0.0,0.0,1.0,0.0,1.0,0.0,1.0,2.0,2.0,0.0,3.0,2.0,0.0,1
2.267594546504538,2.511098123847111,-0.8620262950330072,-0.780798109329962,0.7249112110510298,-0.6978048197587581,-0.43236977250733133,1.0,0.0,0.0,0.0,0.0,0.0,0.0,0.0,0.0,0.0,0.0,0.0,1.0,0.0,1.0,0.0,0.0,0.0,0.0,1.0,1.0,0.0,1.0,0.0,3.0,4.0,2.0,2.0,3.0,2.0,2.0,0
0.26244485310025806,-0.13161991600678677,0.03242381654469148,1.0219103681995318,1.5063696209278696,-0.6978048197587581,-0.43236977250733133,0.0,0.0,1.0,0.0,0.0,0.0,0.0,0.0,0.0,0.0,0.0,0.0,1.0,0.0,1.0,0.0,0.0,0.0,1.0,0.0,1.0,0.0,1.0,0.0,3.0,2.0,2.0,4.0,1.0,2.0,2.0,1
0.763732276451328,1.5536020924025142,0.9268739281223902,-1.682152348094709,1.5063696209278696,-0.6978048197587581,-0.43236977250733133,0.0,1.0,0.0,0.0,0.0,0.0,0.0,0.0,0.0,0.0,0.0,1.0,0.0,0.0,1.0,0.0,0.0,0.0,1.0,0.0,0.0,1.0,1.0,0.0,3.0,1.0,4.0,0.0,0.0,0.0,3.0,0
-0.9907737052774169,-0.0011511153557440888,-1.756476406610706,-0.780798109329962,-0.23020462324288551,-0.6978048197587581,-0.43236977250733133,1.0,0.0,0.0,0.0,0.0,0.0,0.0,0.0,0.0,0.0,0.0,1.0,0.0,0.0,1.0,0.0,0.0,0.0,1.0,0.0,1.0,0.0,1.0,0.0,1.0,2.0,4.0,2.0,0.0,2.0,1.0,1
0.26244485310025806,-0.3164507169290972,-0.8620262950330072,0.12055612943478493,-0.31703333545142326,-0.6978048197587581,-0.43236977250733133,1.0,0.0,0.0,0.0,0.0,0.0,0.0,0.0,0.0,0.0,0.0,0.0,1.0,0.0,1.0,0.0,0.0,0.0,1.0,0.0,1.0,0.0,1.0,0.0,0.0,1.0,1.0,3.0,2.0,0.0,2.0,1
1.766307123153468,0.42468455343585354,0.03242381654469148,-0.780798109329962,-0.8380056087026498,1.0576790035337154,2.312835132301122,0.0,0.0,0.0,1.0,0.0,0.0,0.0,0.0,0.0,0.0,0.0,0.0,1.0,0.0,1.0,0.0,0.0,0.0,1.0,0.0,0.0,1.0,1.0,0.0,0.0,3.0,0.0,3.0,1.0,0.0,2.0,0
2.016950834829003,0.5609519674491648,0.9268739281223902,-0.780798109329962,-1.0116630331197254,1.0576790035337154,-0.43236977250733133,0.0,0.0,0.0,1.0,0.0,0.0,0.0,0.0,0.0,0.0,0.0,0.0,1.0,0.0,1.0,0.0,0.0,0.0,1.0,0.0,1.0,0.0,1.0,0.0,1.0,4.0,0.0,1.0,1.0,0.0,1.0,0
-1.241417416952952,-0.07979480908151149,-1.756476406610706,-0.780798109329962,-0.31703333545142326,-0.6978048197587581,-0.43236977250733133,0.0,0.0,1.0,0.0,0.0,0.0,0.0,0.0,0.0,0.0,0.0,0.0,1.0,0.0,1.0,0.0,0.0,0.0,1.0,0.0,0.0,1.0,1.0,0.0,3.0,2.0,2.0,2.0,2.0,2.0,2.0,1
2.267594546504538,1.2183697573963632,0.03242381654469148,-0.780798109329962,-1.0116630331197254,-0.6978048197587581,-0.43236977250733133,1.0,0.0,0.0,0.0,0.0,0.0,0.0,0.0,0.0,0.0,0.0,0.0,1.0,0.0,1.0,0.0,0.0,0.0,1.0,0.0,1.0,0.0,1.0,0.0,1.0,2.0,1.0,3.0,1.0,2.0,2.0,0
-0.23884257025081193,-0.3979937173359989,0.9268739281223902,-0.780798109329962,0.11711022559126552,-0.6978048197587581,-0.43236977250733133,0.0,0.0,0.0,1.0,0.0,0.0,0.0,0.0,0.0,0.0,0.0,0.0,1.0,0.0,0.0,1.0,0.0,0.0,1.0,0.0,1.0,0.0,1.0,0.0,2.0,2.0,0.0,2.0,0.0,2.0,2.0,0
-0.7401299936018819,-0.7042329855308074,0.9268739281223902,1.0219103681995318,2.2009993185961716,1.0576790035337154,-0.43236977250733133,1.0,0.0,0.0,0.0,0.0,0.0,0.0,0.0,0.0,0.0,0.0,0.0,1.0,0.0,1.0,0.0,0.0,0.0,1.0,0.0,1.0,0.0,1.0,0.0,3.0,4.0,0.0,4.0,0.0,2.0,1.0,1
-0.23884257025081193,1.181403597211901,-0.8620262950330072,1.0219103681995318,0.29076765000834104,1.0576790035337154,2.312835132301122,1.0,0.0,0.0,0.0,0.0,0.0,0.0,0.0,0.0,0.0,0.0,0.0,1.0,0.0,1.0,0.0,0.0,0.0,1.0,0.0,0.0,1.0,1.0,0.0,3.0,1.0,0.0,4.0,3.0,0.0,3.0,0
1.766307123153468,1.437992238492285,-0.8620262950330072,1.0219103681995318,-0.5775194720770366,-0.6978048197587581,-0.43236977250733133,0.0,0.0,0.0,1.0,0.0,0.0,0.0,0.0,0.0,0.0,0.0,0.0,0.0,1.0,1.0,0.0,0.0,1.0,0.0,0.0,0.0,1.0,1.0,0.0,3.0,2.0,4.0,3.0,1.0,2.0,2.0,1
-1.241417416952952,-0.6723406120383303,-1.756476406610706,1.0219103681995318,0.8985686354681054,1.0576790035337154,2.312835132301122,1.0,0.0,0.0,0.0,0.0,0.0,0.0,0.0,0.0,0.0,0.0,0.0,1.0,0.0,1.0,0.0,0.0,0.0,1.0,0.0,1.0,0.0,0.0,1.0,2.0,4.0,0.0,4.0,0.0,2.0,2.0,1
0.011801141424723058,0.7428834616903409,-1.756476406610706,0.12055612943478493,-0.8380056087026498,-0.6978048197587581,-0.43236977250733133,0.0,1.0,0.0,0.0,0.0,0.0,0.0,0.0,0.0,0.0,0.0,0.0,1.0,0.0,1.0,0.0,0.0,0.0,1.0,0.0,1.0,0.0,1.0,0.0,3.0,2.0,4.0,2.0,2.0,2.0,2.0,1
0.26244485310025806,-0.013473168750564786,0.9268739281223902,-0.780798109329962,-0.40386204765996103,-0.6978048197587581,-0.43236977250733133,0.0,0.0,0.0,0.0,0.0,0.0,0.0,0.0,1.0,0.0,0.0,0.0,1.0,0.0,1.0,0.0,0.0,1.0,0.0,0.0,0.0,1.0,1.0,0.0,0.0,1.0,0.0,2.0,1.0,0.0,2.0,0
-0.4894862819263469,-0.8057087193705073,-0.8620262950330072,0.12055612943478493,-0.9248343209111876,1.0576790035337154,-0.43236977250733133,0.0,0.0,1.0,0.0,0.0,0.0,0.0,0.0,0.0,0.0,1.0,0.0,0.0,0.0,1.0,0.0,0.0,0.0,1.0,0.0,1.0,0.0,1.0,0.0,0.0,4.0,0.0,2.0,1.0,2.0,2.0,1
-0.7401299936018819,1.548890719045671,-1.756476406610706,-0.780798109329962,-1.0116630331197254,-0.6978048197587581,-0.43236977250733133,1.0,0.0,0.0,0.0,0.0,0.0,0.0,0.0,0.0,0.0,0.0,1.0,0.0,0.0,1.0,0.0,0.0,1.0,0.0,0.0,1.0,0.0,1.0,0.0,1.0,2.0,4.0,0.0,0.0,2.0,0.0,1
0.26244485310025806,-0.2664376766795309,0.9268739281223902,0.12055612943478493,-0.7511768964941121,1.0576790035337154,-0.43236977250733133,1.0,0.0,0.0,0.0,0.0,0.0,0.0,0.0,0.0,0.0,0.0,0.0,0.0,1.0,1.0,0.0,0.0,0.0,1.0,0.0,0.0,1.0,1.0,0.0,3.0,4.0,1.0,3.0,1.0,2.0,2.0,1
-0.23884257025081193,-0.7078571188822252,0.9268739281223902,-0.780798109329962,-0.23020462324288551,-0.6978048197587581,-0.43236977250733133,0.0,0.0,0.0,1.0,0.0,0.0,0.0,0.0,0.0,0.0,0.0,0.0,0.0,1.0,1.0,0.0,0.0,0.0,1.0,0.0,1.0,0.0,1.0,0.0,1.0,4.0,0.0,2.0,2.0,2.0,2.0,0
0.26244485310025806,-0.7129309055742102,0.9268739281223902,1.0219103681995318,1.8536844697620207,1.0576790035337154,-0.43236977250733133,0.0,0.0,0.0,1.0,0.0,0.0,0.0,0.0,0.0,0.0,0.0,1.0,0.0,0.0,1.0,0.0,0.0,1.0,0.0,0.0,0.0,1.0,1.0,0.0,0.0,4.0,3.0,4.0,1.0,2.0,3.0,1
2.267594546504538,3.0413088331595426,-0.8620262950330072,1.0219103681995318,-1.0116630331197254,1.0576790035337154,-0.43236977250733133,0.0,1.0,0.0,0.0,0.0,0.0,0.0,0.0,0.0,0.0,0.0,1.0,0.0,0.0,1.0,0.0,0.0,1.0,0.0,0.0,1.0,0.0,1.0,0.0,3.0,4.0,1.0,2.0,2.0,2.0,1.0,0
0.513088564775793,0.07894223171059045,0.03242381654469148,-0.780798109329962,-0.7511768964941121,-0.6978048197587581,-0.43236977250733133,0.0,0.0,0.0,1.0,0.0,0.0,0.0,0.0,0.0,0.0,0.0,0.0,1.0,0.0,1.0,0.0,0.0,0.0,1.0,0.0,1.0,0.0,1.0,0.0,0.0,2.0,0.0,2.0,2.0,2.0,3.0,1
-1.241417416952952,-1.0347539471801155,0.9268739281223902,-1.682152348094709,-0.7511768964941121,-0.6978048197587581,-0.43236977250733133,0.0,0.0,0.0,0.0,1.0,0.0,0.0,0.0,0.0,0.0,0.0,1.0,0.0,0.0,1.0,0.0,0.0,0.0,1.0,0.0,1.0,0.0,1.0,0.0,0.0,2.0,0.0,1.0,0.0,2.0,2.0,1
-0.9907737052774169,-0.8890637864531179,0.03242381654469148,-0.780798109329962,-0.6643481842855743,-0.6978048197587581,-0.43236977250733133,0.0,0.0,0.0,1.0,0.0,0.0,0.0,0.0,0.0,0.0,0.0,1.0,0.0,0.0,1.0,0.0,0.0,0.0,1.0,0.0,1.0,0.0,1.0,0.0,2.0,2.0,0.0,2.0,0.0,2.0,1.0,0
-1.074321609169262,-0.8303528261601486,0.03242381654469148,-0.780798109329962,-0.8380056087026498,-0.6978048197587581,-0.43236977250733133,0.0,0.0,0.0,0.0,0.0,0.0,0.0,0.0,1.0,0.0,0.0,0.0,0.0,1.0,1.0,0.0,0.0,0.0,1.0,0.0,0.0,1.0,1.0,0.0,1.0,2.0,0.0,1.0,0.0,2.0,2.0,1
-0.7401299936018819,-0.32841035698877613,0.9268739281223902,-0.780798109329962,0.5512537866339543,1.0576790035337154,-0.43236977250733133,0.0,0.0,0.0,0.0,0.0,0.0,0.0,0.0,1.0,0.0,0.0,0.0,1.0,0.0,1.0,0.0,0.0,0.0,1.0,0.0,0.0,1.0,1.0,0.0,3.0,4.0,0.0,0.0,2.0,1.0,3.0,0
-0.7401299936018819,-0.47301327771034846,0.9268739281223902,1.0219103681995318,-0.5775194720770366,-0.6978048197587581,-0.43236977250733133,1.0,0.0,0.0,0.0,0.0,0.0,0.0,0.0,0.0,0.0,0.0,1.0,0.0,0.0,0.0,0.0,1.0,0.0,1.0,0.0,0.0,1.0,1.0,0.0,0.0,2.0,0.0,2.0,1.0,2.0,2.0,1
1.265019699802398,2.847055285523546,0.9268739281223902,-0.780798109329962,-0.4906907598684988,-0.6978048197587581,-0.43236977250733133,0.0,1.0,0.0,0.0,0.0,0.0,0.0,0.0,0.0,0.0,0.0,0.0,1.0,0.0,1.0,0.0,0.0,0.0,1.0,0.0,0.0,1.0,1.0,0.0,3.0,4.0,4.0,2.0,2.0,2.0,3.0,1
-0.907225801385572,-0.7096691855579341,-1.756476406610706,1.0219103681995318,1.072226059885181,-0.6978048197587581,2.312835132301122,1.0,0.0,0.0,0.0,0.0,0.0,0.0,0.0,0.0,0.0,0.0,1.0,0.0,0.0,1.0,0.0,0.0,0.0,0.0,1.0,1.0,0.0,1.0,0.0,2.0,2.0,1.0,4.0,3.0,2.0,1.0,0
0.26244485310025806,-0.19141811630518132,0.9268739281223902,1.0219103681995318,-0.05654719882581,-0.6978048197587581,-0.43236977250733133,0.0,1.0,0.0,0.0,0.0,0.0,0.0,0.0,0.0,0.0,0.0,0.0,1.0,0.0,1.0,0.0,0.0,0.0,1.0,0.0,0.0,1.0,1.0,0.0,3.0,2.0,0.0,4.0,2.0,2.0,3.0,1
-0.23884257025081193,-0.47518775772119914,0.9268739281223902,1.0219103681995318,-0.6643481842855743,1.0576790035337154,-0.43236977250733133,0.0,0.0,0.0,0.0,0.0,0.0,0.0,0.0,1.0,0.0,0.0,0.0,0.0,1.0,1.0,0.0,0.0,0.0,1.0,0.0,1.0,0.0,1.0,0.0,1.0,4.0,4.0,2.0,0.0,0.0,2.0,1
0.26244485310025806,-0.8274535194790144,0.9268739281223902,-0.780798109329962,-0.5775194720770366,-0.6978048197587581,-0.43236977250733133,1.0,0.0,0.0,0.0,0.0,0.0,0.0,0.0,0.0,0.0,0.0,1.0,0.0,0.0,1.0,0.0,0.0,0.0,1.0,0.0,1.0,0.0,1.0,0.0,0.0,2.0,4.0,4.0,2.0,0.0,2.0,0
-0.7401299936018819,-0.8053463060353655,0.9268739281223902,1.0219103681995318,-0.05654719882581,1.0576790035337154,-0.43236977250733133,0.0,0.0,0.0,1.0,0.0,0.0,0.0,0.0,0.0,0.0,0.0,0.0,1.0,0.0,1.0,0.0,0.0,0.0,1.0,0.0,1.0,0.0,1.0,0.0,3.0,4.0,4.0,4.0,2.0,2.0,2.0,1
-1.241417416952952,-0.87529207971773,-1.756476406610706,-0.780798109329962,-0.8380056087026498,-0.6978048197587581,2.312835132301122,1.0,0.0,0.0,0.0,0.0,0.0,0.0,0.0,0.0,0.0,0.0,0.0,1.0,0.0,0.0,0.0,1.0,0.0,1.0,0.0,1.0,0.0,1.0,0.0,3.0,1.0,4.0,2.0,0.0,1.0,1.0,1
3.270169393206678,3.8262961170766494,-0.8620262950330072,1.0219103681995318,2.3746567430132473,-0.6978048197587581,-0.43236977250733133,1.0,0.0,0.0,0.0,0.0,0.0,0.0,0.0,0.0,0.0,0.0,0.0,1.0,0.0,1.0,0.0,0.0,0.0,0.0,1.0,0.0,1.0,1.0,0.0,3.0,4.0,4.0,4.0,3.0,0.0,3.0,1
-1.241417416952952,-0.6690788920220543,-1.756476406610706,-0.780798109329962,-1.0984917453282632,-0.6978048197587581,-0.43236977250733133,0.0,1.0,0.0,0.0,0.0,0.0,0.0,0.0,0.0,0.0,0.0,1.0,0.0,0.0,1.0,0.0,0.0,1.0,0.0,0.0,0.0,1.0,1.0,0.0,0.0,2.0,2.0,0.0,1.0,2.0,0.0,1
-0.7401299936018819,-0.15916332947756245,-0.8620262950330072,1.0219103681995318,-0.14337591103434777,1.0576790035337154,-0.43236977250733133,0.0,0.0,1.0,0.0,0.0,0.0,0.0,0.0,0.0,0.0,0.0,0.0,1.0,0.0,1.0,0.0,0.0,0.0,1.0,0.0,1.0,0.0,1.0,0.0,3.0,0.0,0.0,4.0,1.0,2.0,2.0,1
0.26244485310025806,-0.7970107993271044,0.9268739281223902,-0.780798109329962,-0.9248343209111876,1.0576790035337154,-0.43236977250733133,0.0,0.0,0.0,1.0,0.0,0.0,0.0,0.0,0.0,0.0,0.0,0.0,1.0,0.0,1.0,0.0,0.0,0.0,1.0,0.0,1.0,0.0,1.0,0.0,3.0,2.0,4.0,4.0,2.0,2.0,2.0,1
2.016950834829003,0.49934170047506127,0.03242381654469148,1.0219103681995318,-0.7511768964941121,-0.6978048197587581,-0.43236977250733133,0.0,1.0,0.0,0.0,0.0,0.0,0.0,0.0,0.0,0.0,0.0,0.0,1.0,0.0,1.0,0.0,0.0,0.0,1.0,0.0,1.0,0.0,1.0,0.0,1.0,4.0,1.0,0.0,2.0,2.0,2.0,1
2.267594546504538,1.0672433966422388,0.9268739281223902,1.0219103681995318,1.9405131819705586,1.0576790035337154,-0.43236977250733133,0.0,1.0,0.0,0.0,0.0,0.0,0.0,0.0,0.0,0.0,0.0,1.0,0.0,0.0,1.0,0.0,0.0,0.0,0.0,1.0,1.0,0.0,1.0,0.0,0.0,4.0,0.0,4.0,3.0,1.0,1.0,0
-0.7401299936018819,-0.39038303729802143,0.9268739281223902,-0.780798109329962,-0.4906907598684988,1.0576790035337154,-0.43236977250733133,1.0,0.0,0.0,0.0,0.0,0.0,0.0,0.0,0.0,0.0,0.0,0.0,1.0,0.0,1.0,0.0,0.0,0.0,1.0,0.0,1.0,0.0,1.0,0.0,0.0,4.0,0.0,2.0,1.0,2.0,2.0,1
0.26244485310025806,1.3314427179606,-0.8620262950330072,-1.682152348094709,1.6800270453449453,-0.6978048197587581,-0.43236977250733133,0.0,0.0,1.0,0.0,0.0,0.0,0.0,0.0,0.0,0.0,1.0,0.0,0.0,0.0,1.0,0.0,0.0,0.0,1.0,0.0,0.0,1.0,1.0,0.0,0.0,1.0,0.0,1.0,1.0,0.0,2.0,0
-0.7401299936018819,-0.8379635061981261,0.9268739281223902,-0.780798109329962,-1.2721491697453386,-0.6978048197587581,-0.43236977250733133,0.0,0.0,0.0,1.0,0.0,0.0,0.0,0.0,0.0,0.0,0.0,1.0,0.0,0.0,1.0,0.0,0.0,0.0,1.0,0.0,1.0,0.0,1.0,0.0,3.0,2.0,4.0,2.0,2.0,2.0,2.0,1
-0.23884257025081193,0.4496910735606367,-1.756476406610706,-1.682152348094709,-0.23020462324288551,-0.6978048197587581,-0.43236977250733133,0.0,0.0,0.0,0.0,0.0,0.0,0.0,0.0,1.0,0.0,0.0,0.0,1.0,0.0,0.0,1.0,0.0,0.0,1.0,0.0,0.0,1.0,1.0,0.0,1.0,2.0,0.0,4.0,0.0,0.0,3.0,1
-0.7401299936018819,-0.6226899851239057,-0.8620262950330072,1.0219103681995318,2.6351428796388605,2.8131628268261886,-0.43236977250733133,1.0,0.0,0.0,0.0,0.0,0.0,0.0,0.0,0.0,0.0,0.0,0.0,1.0,0.0,1.0,0.0,0.0,0.0,0.0,1.0,1.0,0.0,1.0,0.0,2.0,4.0,2.0,0.0,3.0,0.0,0.0,1
1.265019699802398,1.732996693297698,0.9268739281223902,1.0219103681995318,-0.7511768964941121,1.0576790035337154,-0.43236977250733133,0.0,0.0,0.0,0.0,0.0,0.0,0.0,0.0,1.0,0.0,0.0,0.0,1.0,0.0,1.0,0.0,0.0,1.0,0.0,0.0,0.0,1.0,1.0,0.0,3.0,3.0,4.0,1.0,2.0,2.0,2.0,0
1.265019699802398,-0.3121017569073958,0.9268739281223902,1.0219103681995318,0.030281513382727766,-0.6978048197587581,-0.43236977250733133,0.0,0.0,0.0,1.0,0.0,0.0,0.0,0.0,0.0,0.0,0.0,0.0,1.0,0.0,1.0,0.0,0.0,0.0,1.0,0.0,1.0,0.0,1.0,0.0,1.0,4.0,0.0,4.0,0.0,2.0,2.0,1
1.265019699802398,1.0984109434644322,0.9268739281223902,1.0219103681995318,-1.0984917453282632,1.0576790035337154,-0.43236977250733133,0.0,0.0,1.0,0.0,0.0,0.0,0.0,0.0,0.0,0.0,0.0,1.0,0.0,0.0,0.0,1.0,0.0,1.0,0.0,0.0,0.0,1.0,1.0,0.0,0.0,4.0,0.0,1.0,3.0,2.0,1.0,0
-0.9907737052774169,-0.6640051053300693,0.03242381654469148,1.0219103681995318,-1.1853204575368008,-0.6978048197587581,-0.43236977250733133,0.0,0.0,0.0,1.0,0.0,0.0,0.0,0.0,0.0,0.0,0.0,1.0,0.0,0.0,1.0,0.0,0.0,1.0,0.0,0.0,1.0,0.0,1.0,0.0,0.0,2.0,0.0,1.0,1.0,2.0,2.0,0
0.763732276451328,0.1659214321446189,0.9268739281223902,1.0219103681995318,1.1590547720937188,1.0576790035337154,-0.43236977250733133,0.0,0.0,0.0,1.0,0.0,0.0,0.0,0.0,0.0,0.0,0.0,0.0,1.0,0.0,1.0,0.0,0.0,0.0,1.0,0.0,1.0,0.0,1.0,0.0,2.0,4.0,4.0,4.0,1.0,1.0,1.0,1
-0.7401299936018819,-0.5911600249665704,-1.756476406610706,-1.682152348094709,-1.1853204575368008,-0.6978048197587581,-0.43236977250733133,0.0,0.0,0.0,1.0,0.0,0.0,0.0,0.0,0.0,0.0,0.0,1.0,0.0,0.0,1.0,0.0,0.0,0.0,1.0,0.0,0.0,1.0,1.0,0.0,1.0,2.0,0.0,2.0,2.0,2.0,2.0,1
-0.7401299936018819,-0.6567568386272336,-0.8620262950330072,-0.780798109329962,-0.8380056087026498,-0.6978048197587581,-0.43236977250733133,1.0,0.0,0.0,0.0,0.0,0.0,0.0,0.0,0.0,0.0,0.0,1.0,0.0,0.0,1.0,0.0,0.0,0.0,1.0,0.0,1.0,0.0,1.0,0.0,3.0,2.0,2.0,2.0,1.0,2.0,2.0,0
-1.074321609169262,-0.6466092652432636,0.9268739281223902,-0.780798109329962,-0.23020462324288551,-0.6978048197587581,-0.43236977250733133,0.0,0.0,0.0,1.0,0.0,0.0,0.0,0.0,0.0,0.0,0.0,0.0,1.0,0.0,0.0,0.0,1.0,0.0,1.0,0.0,1.0,0.0,0.0,1.0,1.0,2.0,0.0,2.0,0.0,2.0,2.0,1
1.265019699802398,0.7178769415655578,0.9268739281223902,-0.780798109329962,-0.5775194720770366,-0.6978048197587581,-0.43236977250733133,0.0,0.0,1.0,0.0,0.0,0.0,0.0,0.0,0.0,0.0,0.0,0.0,1.0,0.0,1.0,0.0,0.0,0.0,1.0,0.0,1.0,0.0,1.0,0.0,0.0,2.0,0.0,3.0,1.0,2.0,2.0,0
-0.23884257025081193,-0.03050659550222869,-1.756476406610706,1.0219103681995318,-0.8380056087026498,-0.6978048197587581,-0.43236977250733133,0.0,0.0,1.0,0.0,0.0,0.0,0.0,0.0,0.0,0.0,0.0,1.0,0.0,0.0,1.0,0.0,0.0,1.0,0.0,0.0,1.0,0.0,1.0,0.0,0.0,0.0,0.0,1.0,1.0,2.0,2.0,0
0.26244485310025806,0.305812979509348,0.03242381654469148,1.0219103681995318,0.6380824988424921,1.0576790035337154,-0.43236977250733133,0.0,1.0,0.0,0.0,0.0,0.0,0.0,0.0,0.0,0.0,0.0,0.0,1.0,0.0,1.0,0.0,0.0,0.0,1.0,0.0,0.0,1.0,1.0,0.0,3.0,4.0,4.0,3.0,1.0,2.0,2.0,1
0.26244485310025806,1.2212690640774975,-0.8620262950330072,-0.780798109329962,-1.2721491697453386,-0.6978048197587581,-0.43236977250733133,0.0,0.0,0.0,0.0,0.0,0.0,0.0,0.0,1.0,0.0,0.0,0.0,0.0,1.0,1.0,0.0,0.0,0.0,1.0,0.0,1.0,0.0,1.0,0.0,0.0,2.0,0.0,2.0,2.0,1.0,1.0,1
0.26244485310025806,-0.04935208892960152,0.9268739281223902,0.12055612943478493,-0.31703333545142326,-0.6978048197587581,-0.43236977250733133,0.0,0.0,1.0,0.0,0.0,0.0,0.0,0.0,0.0,0.0,0.0,0.0,1.0,0.0,1.0,0.0,0.0,1.0,0.0,0.0,0.0,1.0,1.0,0.0,3.0,2.0,2.0,4.0,3.0,2.0,2.0,1
-0.23884257025081193,-0.7611318791480677,0.9268739281223902,1.0219103681995318,2.548314167430323,1.0576790035337154,-0.43236977250733133,0.0,0.0,0.0,1.0,0.0,0.0,0.0,0.0,0.0,0.0,0.0,1.0,0.0,0.0,1.0,0.0,0.0,0.0,1.0,0.0,1.0,0.0,1.0,0.0,3.0,4.0,0.0,0.0,2.0,2.0,0.0,1
-0.7401299936018819,-0.6973471321631135,0.03242381654469148,-1.682152348094709,0.11711022559126552,-0.6978048197587581,-0.43236977250733133,1.0,0.0,0.0,0.0,0.0,0.0,0.0,0.0,0.0,0.0,0.0,1.0,0.0,0.0,1.0,0.0,0.0,0.0,1.0,0.0,1.0,0.0,1.0,0.0,0.0,2.0,0.0,1.0,0.0,0.0,1.0,0
0.26244485310025806,0.19962587231280493,-0.8620262950330072,1.0219103681995318,-0.8380056087026498,-0.6978048197587581,-0.43236977250733133,0.0,0.0,1.0,0.0,0.0,0.0,0.0,0.0,0.0,0.0,0.0,1.0,0.0,0.0,1.0,0.0,0.0,0.0,1.0,0.0,1.0,0.0,1.0,0.0,2.0,2.0,0.0,1.0,2.0,2.0,2.0,1
0.26244485310025806,-0.6603809719786514,0.9268739281223902,-1.682152348094709,-0.6643481842855743,-0.6978048197587581,-0.43236977250733133,0.0,0.0,0.0,1.0,0.0,0.0,0.0,0.0,0.0,0.0,0.0,1.0,0.0,0.0,1.0,0.0,0.0,0.0,1.0,0.0,1.0,0.0,1.0,0.0,3.0,2.0,2.0,3.0,2.0,2.0,2.0,1
3.270169393206678,1.5293203989480146,-1.756476406610706,-1.682152348094709,-0.7511768964941121,-0.6978048197587581,-0.43236977250733133,0.0,0.0,0.0,1.0,0.0,0.0,0.0,0.0,0.0,0.0,0.0,0.0,1.0,0.0,1.0,0.0,0.0,0.0,1.0,0.0,1.0,0.0,1.0,0.0,1.0,3.0,4.0,2.0,0.0,2.0,1.0,1
-0.23884257025081193,-0.710031598893076,0.9268739281223902,1.0219103681995318,2.2009993185961716,-0.6978048197587581,-0.43236977250733133,0.0,0.0,0.0,0.0,0.0,0.0,1.0,0.0,0.0,0.0,0.0,0.0,1.0,0.0,1.0,0.0,0.0,0.0,0.0,1.0,1.0,0.0,1.0,0.0,1.0,2.0,4.0,2.0,3.0,2.0,2.0,1
0.763732276451328,0.37068496649972754,-0.8620262950330072,-1.682152348094709,-0.6643481842855743,1.0576790035337154,-0.43236977250733133,0.0,0.0,0.0,0.0,0.0,0.0,0.0,0.0,1.0,0.0,0.0,1.0,0.0,0.0,1.0,0.0,0.0,0.0,1.0,0.0,1.0,0.0,1.0,0.0,1.0,0.0,0.0,2.0,2.0,2.0,2.0,1
0.763732276451328,0.7378096749983559,0.9268739281223902,-0.780798109329962,-0.6643481842855743,1.0576790035337154,-0.43236977250733133,1.0,0.0,0.0,0.0,0.0,0.0,0.0,0.0,0.0,0.0,0.0,0.0,0.0,1.0,1.0,0.0,0.0,0.0,1.0,0.0,1.0,0.0,1.0,0.0,1.0,4.0,0.0,0.0,2.0,2.0,3.0,0
0.26244485310025806,-0.21280050307854664,0.9268739281223902,0.12055612943478493,0.8985686354681054,1.0576790035337154,-0.43236977250733133,0.0,0.0,0.0,1.0,0.0,0.0,0.0,0.0,0.0,0.0,0.0,0.0,0.0,1.0,0.0,1.0,0.0,0.0,1.0,0.0,1.0,0.0,1.0,0.0,3.0,4.0,0.0,4.0,0.0,2.0,2.0,1
-1.241417416952952,-1.0021367470173548,0.9268739281223902,-0.780798109329962,-1.0116630331197254,-0.6978048197587581,2.312835132301122,0.0,0.0,0.0,0.0,0.0,0.0,1.0,0.0,0.0,0.0,0.0,1.0,0.0,0.0,1.0,0.0,0.0,1.0,0.0,0.0,1.0,0.0,1.0,0.0,1.0,1.0,3.0,1.0,1.0,0.0,2.0,0
0.26244485310025806,-0.08486859577349647,0.9268739281223902,1.0219103681995318,1.1590547720937188,-0.6978048197587581,2.312835132301122,0.0,1.0,0.0,0.0,0.0,0.0,0.0,0.0,0.0,0.0,0.0,0.0,1.0,0.0,1.0,0.0,0.0,0.0,0.0,1.0,0.0,1.0,1.0,0.0,0.0,2.0,4.0,4.0,3.0,0.0,2.0,1
-0.7401299936018819,-0.4360471175258863,0.9268739281223902,-1.682152348094709,-0.7511768964941121,-0.6978048197587581,-0.43236977250733133,1.0,0.0,0.0,0.0,0.0,0.0,0.0,0.0,0.0,0.0,0.0,0.0,1.0,0.0,1.0,0.0,0.0,0.0,1.0,0.0,1.0,0.0,1.0,0.0,1.0,4.0,1.0,1.0,2.0,2.0,2.0,1
-1.241417416952952,-0.6741526787140393,-1.756476406610706,1.0219103681995318,2.2878280308047096,-0.6978048197587581,-0.43236977250733133,0.0,0.0,0.0,0.0,1.0,0.0,0.0,0.0,0.0,0.0,1.0,0.0,0.0,0.0,1.0,0.0,0.0,0.0,1.0,0.0,1.0,0.0,1.0,0.0,3.0,2.0,2.0,2.0,0.0,2.0,2.0,1
0.26244485310025806,0.05466053825609083,0.9268739281223902,1.0219103681995318,-0.4906907598684988,-0.6978048197587581,2.312835132301122,0.0,0.0,1.0,0.0,0.0,0.0,0.0,0.0,0.0,0.0,0.0,0.0,1.0,0.0,1.0,0.0,0.0,0.0,0.0,1.0,0.0,1.0,1.0,0.0,0.0,1.0,2.0,1.0,3.0,2.0,2.0,0
0.26244485310025806,-0.298330050172008,0.9268739281223902,-0.780798109329962,0.7249112110510298,1.0576790035337154,2.312835132301122,0.0,0.0,0.0,0.0,0.0,0.0,0.0,0.0,1.0,0.0,0.0,0.0,1.0,0.0,1.0,0.0,0.0,0.0,1.0,0.0,0.0,1.0,1.0,0.0,3.0,3.0,2.0,2.0,2.0,2.0,2.0,1
-0.7401299936018819,-0.8676813996797526,0.9268739281223902,1.0219103681995318,0.2039389377998033,-0.6978048197587581,-0.43236977250733133,0.0,0.0,0.0,1.0,0.0,0.0,0.0,0.0,0.0,0.0,0.0,0.0,1.0,0.0,1.0,0.0,0.0,0.0,1.0,0.0,1.0,0.0,1.0,0.0,3.0,2.0,0.0,4.0,2.0,2.0,2.0,1
-0.907225801385572,-0.38639649061146175,-0.8620262950330072,0.12055612943478493,-0.7511768964941121,1.0576790035337154,-0.43236977250733133,0.0,0.0,1.0,0.0,0.0,0.0,0.0,0.0,0.0,0.0,0.0,1.0,0.0,0.0,0.0,1.0,0.0,1.0,0.0,0.0,1.0,0.0,0.0,1.0,0.0,4.0,4.0,1.0,0.0,2.0,2.0,1
0.763732276451328,1.0831895833884773,-1.756476406610706,1.0219103681995318,-1.0116630331197254,1.0576790035337154,-0.43236977250733133,0.0,1.0,0.0,0.0,0.0,0.0,0.0,0.0,0.0,0.0,0.0,0.0,0.0,1.0,1.0,0.0,0.0,1.0,0.0,0.0,1.0,0.0,1.0,0.0,0.0,4.0,1.0,3.0,2.0,2.0,2.0,1
-0.23884257025081193,-0.0029631820314530146,-0.8620262950330072,-0.780798109329962,-1.0116630331197254,-0.6978048197587581,-0.43236977250733133,0.0,0.0,0.0,1.0,0.0,0.0,0.0,0.0,0.0,0.0,0.0,1.0,0.0,0.0,1.0,0.0,0.0,0.0,1.0,0.0,1.0,0.0,1.0,0.0,0.0,2.0,0.0,2.0,0.0,2.0,2.0,0
0.011801141424723058,-0.494033251148572,0.03242381654469148,-0.780798109329962,-0.9248343209111876,1.0576790035337154,-0.43236977250733133,0.0,0.0,0.0,1.0,0.0,0.0,0.0,0.0,0.0,0.0,0.0,1.0,0.0,0.0,1.0,0.0,0.0,0.0,1.0,0.0,0.0,1.0,1.0,0.0,0.0,2.0,0.0,2.0,0.0,2.0,2.0,0
0.763732276451328,0.10793529852193326,0.9268739281223902,-0.780798109329962,-0.14337591103434777,-0.6978048197587581,2.312835132301122,0.0,0.0,1.0,0.0,0.0,0.0,0.0,0.0,0.0,0.0,0.0,0.0,1.0,0.0,1.0,0.0,0.0,0.0,1.0,0.0,0.0,1.0,1.0,0.0,1.0,1.0,3.0,2.0,2.0,1.0,2.0,1
-0.9907737052774169,-0.708219532217367,0.9268739281223902,1.0219103681995318,0.4644250744254166,1.0576790035337154,-0.43236977250733133,0.0,0.0,0.0,0.0,0.0,0.0,1.0,0.0,0.0,0.0,0.0,1.0,0.0,0.0,1.0,0.0,0.0,1.0,0.0,0.0,1.0,0.0,1.0,0.0,3.0,4.0,4.0,4.0,1.0,2.0,1.0,1
1.515663411477933,0.6287232611206786,-0.8620262950330072,-0.780798109329962,-0.9248343209111876,1.0576790035337154,-0.43236977250733133,0.0,0.0,0.0,1.0,0.0,0.0,0.0,0.0,0.0,0.0,0.0,0.0,1.0,0.0,0.0,0.0,1.0,0.0,1.0,0.0,1.0,0.0,1.0,0.0,1.0,4.0,0.0,3.0,0.0,2.0,2.0,0
-0.7401299936018819,-0.9111709998967668,0.9268739281223902,1.0219103681995318,0.3775963622168788,-0.6978048197587581,2.312835132301122,0.0,0.0,0.0,0.0,0.0,0.0,1.0,0.0,0.0,0.0,0.0,0.0,1.0,0.0,1.0,0.0,0.0,1.0,0.0,0.0,1.0,0.0,1.0,0.0,0.0,2.0,0.0,2.0,2.0,2.0,1.0,0
2.267594546504538,0.2829809393954155,0.9268739281223902,-1.682152348094709,0.4644250744254166,1.0576790035337154,2.312835132301122,0.0,0.0,0.0,1.0,0.0,0.0,0.0,0.0,0.0,0.0,0.0,0.0,1.0,0.0,1.0,0.0,0.0,0.0,1.0,0.0,0.0,1.0,1.0,0.0,1.0,2.0,4.0,3.0,2.0,2.0,2.0,1
-0.23884257025081193,0.23622961916212523,0.03242381654469148,-1.682152348094709,-0.7511768964941121,1.0576790035337154,-0.43236977250733133,0.0,1.0,0.0,0.0,0.0,0.0,0.0,0.0,0.0,0.0,0.0,0.0,1.0,0.0,1.0,0.0,0.0,0.0,1.0,0.0,1.0,0.0,1.0,0.0,3.0,4.0,0.0,3.0,2.0,2.0,2.0,1
0.26244485310025806,-0.6063813850425254,0.9268739281223902,0.12055612943478493,-0.14337591103434777,-0.6978048197587581,2.312835132301122,1.0,0.0,0.0,0.0,0.0,0.0,0.0,0.0,0.0,0.0,0.0,1.0,0.0,0.0,1.0,0.0,0.0,0.0,1.0,0.0,0.0,1.0,1.0,0.0,3.0,2.0,3.0,3.0,2.0,2.0,2.0,1
-0.23884257025081193,-0.5085297845542434,0.03242381654469148,1.0219103681995318,1.072226059885181,1.0576790035337154,-0.43236977250733133,0.0,0.0,0.0,1.0,0.0,0.0,0.0,0.0,0.0,0.0,0.0,1.0,0.0,0.0,0.0,0.0,1.0,1.0,0.0,0.0,0.0,1.0,1.0,0.0,1.0,4.0,0.0,4.0,0.0,0.0,1.0,1
0.011801141424723058,-0.9521237067677885,0.9268739281223902,1.0219103681995318,2.548314167430323,1.0576790035337154,-0.43236977250733133,1.0,0.0,0.0,0.0,0.0,0.0,0.0,0.0,0.0,0.0,0.0,0.0,1.0,0.0,1.0,0.0,0.0,0.0,1.0,0.0,1.0,0.0,1.0,0.0,0.0,4.0,0.0,4.0,0.0,2.0,2.0,1
-0.23884257025081193,-0.7491722390883888,0.9268739281223902,-0.780798109329962,-0.23020462324288551,-0.6978048197587581,-0.43236977250733133,0.0,0.0,1.0,0.0,0.0,0.0,0.0,0.0,0.0,0.0,0.0,1.0,0.0,0.0,1.0,0.0,0.0,0.0,1.0,0.0,1.0,0.0,1.0,0.0,0.0,2.0,0.0,0.0,2.0,2.0,2.0,0
-0.907225801385572,-0.8760169063880135,0.9268739281223902,1.0219103681995318,2.3746567430132473,1.0576790035337154,-0.43236977250733133,1.0,0.0,0.0,0.0,0.0,0.0,0.0,0.0,0.0,0.0,0.0,0.0,1.0,0.0,1.0,0.0,0.0,0.0,0.0,1.0,0.0,1.0,1.0,0.0,2.0,4.0,0.0,4.0,3.0,2.0,2.0,1
-0.7401299936018819,-0.5052680645379674,0.03242381654469148,1.0219103681995318,0.7249112110510298,-0.6978048197587581,-0.43236977250733133,0.0,1.0,0.0,0.0,0.0,0.0,0.0,0.0,0.0,0.0,0.0,0.0,1.0,0.0,1.0,0.0,0.0,0.0,1.0,0.0,1.0,0.0,1.0,0.0,1.0,4.0,1.0,1.0,1.0,2.0,2.0,1
-0.7401299936018819,-0.9274795999781471,0.9268739281223902,-0.780798109329962,-0.4906907598684988,-0.6978048197587581,-0.43236977250733133,0.0,0.0,0.0,0.0,0.0,1.0,0.0,0.0,0.0,0.0,0.0,0.0,1.0,0.0,1.0,0.0,0.0,0.0,1.0,0.0,1.0,0.0,1.0,0.0,1.0,2.0,0.0,2.0,2.0,2.0,2.0,0
0.26244485310025806,-0.027244875485952624,0.9268739281223902,-1.682152348094709,-0.7511768964941121,-0.6978048197587581,-0.43236977250733133,1.0,0.0,0.0,0.0,0.0,0.0,0.0,0.0,0.0,0.0,0.0,1.0,0.0,0.0,1.0,0.0,0.0,0.0,1.0,0.0,1.0,0.0,1.0,0.0,0.0,2.0,0.0,1.0,1.0,2.0,2.0,0
-0.7401299936018819,-0.8321648928358576,0.9268739281223902,1.0219103681995318,-1.2721491697453386,-0.6978048197587581,-0.43236977250733133,0.0,0.0,0.0,0.0,0.0,0.0,0.0,1.0,0.0,0.0,0.0,0.0,0.0,1.0,1.0,0.0,0.0,1.0,0.0,0.0,1.0,0.0,1.0,0.0,0.0,2.0,0.0,3.0,1.0,2.0,2.0,0
-0.9907737052774169,-0.6150793050859282,-0.8620262950330072,0.12055612943478493,-0.14337591103434777,1.0576790035337154,-0.43236977250733133,0.0,0.0,0.0,0.0,0.0,0.0,1.0,0.0,0.0,0.0,0.0,1.0,0.0,0.0,1.0,0.0,0.0,0.0,1.0,0.0,0.0,1.0,1.0,0.0,1.0,4.0,0.0,4.0,2.0,2.0,3.0,0
-1.4085132247366419,-0.6317503185024503,-0.8620262950330072,-1.682152348094709,0.5512537866339543,2.8131628268261886,2.312835132301122,1.0,0.0,0.0,0.0,0.0,0.0,0.0,0.0,0.0,0.0,0.0,0.0,1.0,0.0,1.0,0.0,0.0,0.0,1.0,0.0,1.0,0.0,1.0,0.0,3.0,4.0,0.0,3.0,0.0,2.0,1.0,1
-0.4894862819263469,-0.17039814286695779,0.9268739281223902,-0.780798109329962,-0.05654719882581,2.8131628268261886,-0.43236977250733133,0.0,0.0,0.0,1.0,0.0,0.0,0.0,0.0,0.0,0.0,0.0,0.0,1.0,0.0,0.0,0.0,1.0,0.0,1.0,0.0,0.0,1.0,1.0,0.0,1.0,4.0,4.0,3.0,0.0,0.0,2.0,1
2.016950834829003,-0.06058690231899686,0.9268739281223902,1.0219103681995318,-1.2721491697453386,-0.6978048197587581,-0.43236977250733133,0.0,0.0,0.0,1.0,0.0,0.0,0.0,0.0,0.0,0.0,0.0,0.0,1.0,0.0,0.0,0.0,1.0,1.0,0.0,0.0,1.0,0.0,1.0,0.0,1.0,2.0,1.0,2.0,1.0,2.0,2.0,0
0.26244485310025806,1.6525409328962217,-0.8620262950330072,1.0219103681995318,-0.5775194720770366,-0.6978048197587581,-0.43236977250733133,0.0,1.0,0.0,0.0,0.0,0.0,0.0,0.0,0.0,0.0,0.0,1.0,0.0,0.0,1.0,0.0,0.0,1.0,0.0,0.0,1.0,0.0,1.0,0.0,1.0,4.0,3.0,4.0,3.0,2.0,2.0,1
-1.241417416952952,-0.5810124515826004,0.03242381654469148,-0.780798109329962,1.3327121965107942,-0.6978048197587581,2.312835132301122,0.0,0.0,0.0,1.0,0.0,0.0,0.0,0.0,0.0,0.0,0.0,0.0,1.0,0.0,1.0,0.0,0.0,0.0,1.0,0.0,1.0,0.0,1.0,0.0,3.0,2.0,0.0,3.0,1.0,2.0,2.0,1
0.26244485310025806,1.129216076951484,0.9268739281223902,-0.780798109329962,-0.7511768964941121,1.0576790035337154,-0.43236977250733133,0.0,0.0,0.0,0.0,0.0,0.0,0.0,0.0,0.0,1.0,0.0,0.0,1.0,0.0,0.0,1.0,0.0,0.0,1.0,0.0,0.0,1.0,1.0,0.0,3.0,4.0,0.0,0.0,3.0,0.0,3.0,1
-0.4894862819263469,-0.7009712655145314,-0.8620262950330072,-0.780798109329962,-0.9248343209111876,-0.6978048197587581,-0.43236977250733133,1.0,0.0,0.0,0.0,0.0,0.0,0.0,0.0,0.0,0.0,0.0,0.0,0.0,1.0,1.0,0.0,0.0,1.0,0.0,0.0,1.0,0.0,1.0,0.0,1.0,1.0,1.0,2.0,1.0,2.0,2.0,0
2.1840466426126928,2.726734058256473,-1.756476406610706,-1.682152348094709,-0.05654719882581,-0.6978048197587581,-0.43236977250733133,1.0,0.0,0.0,0.0,0.0,0.0,0.0,0.0,0.0,0.0,0.0,1.0,0.0,0.0,1.0,0.0,0.0,0.0,1.0,0.0,0.0,1.0,1.0,0.0,0.0,2.0,0.0,1.0,0.0,2.0,1.0,1
0.26244485310025806,3.3997356216147683,0.9268739281223902,-0.780798109329962,0.7249112110510298,-0.6978048197587581,-0.43236977250733133,0.0,1.0,0.0,0.0,0.0,0.0,0.0,0.0,0.0,0.0,0.0,1.0,0.0,0.0,1.0,0.0,0.0,0.0,0.0,1.0,0.0,1.0,1.0,0.0,1.0,2.0,0.0,4.0,3.0,2.0,3.0,0
1.265019699802398,-0.8296279994898651,0.9268739281223902,1.0219103681995318,0.030281513382727766,-0.6978048197587581,-0.43236977250733133,1.0,0.0,0.0,0.0,0.0,0.0,0.0,0.0,0.0,0.0,0.0,0.0,1.0,0.0,1.0,0.0,0.0,0.0,1.0,0.0,1.0,0.0,1.0,0.0,3.0,2.0,2.0,4.0,1.0,2.0,2.0,1
0.26244485310025806,-0.22476014313822557,-0.8620262950330072,-0.780798109329962,-0.14337591103434777,-0.6978048197587581,-0.43236977250733133,0.0,0.0,0.0,1.0,0.0,0.0,0.0,0.0,0.0,0.0,0.0,0.0,1.0,0.0,1.0,0.0,0.0,0.0,1.0,0.0,1.0,0.0,1.0,0.0,3.0,4.0,3.0,4.0,2.0,2.0,2.0,1
3.270169393206678,1.1197933302377976,0.9268739281223902,1.0219103681995318,0.5512537866339543,-0.6978048197587581,-0.43236977250733133,0.0,0.0,0.0,0.0,0.0,0.0,1.0,0.0,0.0,0.0,0.0,0.0,1.0,0.0,1.0,0.0,0.0,0.0,0.0,1.0,1.0,0.0,1.0,0.0,1.0,2.0,0.0,2.0,3.0,2.0,2.0,0
2.267594546504538,0.5098516871941731,0.03242381654469148,1.0219103681995318,-1.0116630331197254,1.0576790035337154,2.312835132301122,0.0,1.0,0.0,0.0,0.0,0.0,0.0,0.0,0.0,0.0,0.0,0.0,1.0,0.0,1.0,0.0,0.0,0.0,0.0,1.0,1.0,0.0,1.0,0.0,0.0,0.0,0.0,4.0,3.0,2.0,2.0,0
-0.907225801385572,-0.5987707050045479,0.03242381654469148,-0.780798109329962,-0.40386204765996103,-0.6978048197587581,2.312835132301122,1.0,0.0,0.0,0.0,0.0,0.0,0.0,0.0,0.0,0.0,0.0,0.0,1.0,0.0,1.0,0.0,0.0,0.0,1.0,0.0,1.0,0.0,0.0,1.0,3.0,2.0,0.0,2.0,0.0,2.0,1.0,1
-0.656582089710037,-0.6484213319189724,-0.8620262950330072,1.0219103681995318,2.461485455221785,-0.6978048197587581,-0.43236977250733133,0.0,0.0,0.0,1.0,0.0,0.0,0.0,0.0,0.0,0.0,0.0,1.0,0.0,0.0,1.0,0.0,0.0,0.0,1.0,0.0,1.0,0.0,1.0,0.0,3.0,2.0,1.0,0.0,0.0,2.0,2.0,1
1.265019699802398,4.029972411426333,0.9268739281223902,-0.780798109329962,1.8536844697620207,-0.6978048197587581,-0.43236977250733133,1.0,0.0,0.0,0.0,0.0,0.0,0.0,0.0,0.0,0.0,0.0,0.0,1.0,0.0,1.0,0.0,0.0,0.0,0.0,1.0,0.0,1.0,1.0,0.0,1.0,2.0,0.0,4.0,3.0,2.0,3.0,0
2.267594546504538,1.420958811740621,0.03242381654469148,1.0219103681995318,1.5063696209278696,1.0576790035337154,2.312835132301122,0.0,0.0,1.0,0.0,0.0,0.0,0.0,0.0,0.0,0.0,0.0,0.0,1.0,0.0,1.0,0.0,0.0,0.0,0.0,1.0,1.0,0.0,1.0,0.0,0.0,0.0,0.0,2.0,3.0,2.0,2.0,0
-0.23884257025081193,0.14200215202526106,0.03242381654469148,0.12055612943478493,0.3775963622168788,2.8131628268261886,2.312835132301122,0.0,0.0,0.0,0.0,0.0,0.0,0.0,0.0,1.0,0.0,0.0,0.0,0.0,1.0,1.0,0.0,0.0,0.0,1.0,0.0,0.0,1.0,1.0,0.0,1.0,4.0,0.0,0.0,2.0,2.0,0.0,1
-0.7401299936018819,0.9432980360237482,-0.8620262950330072,1.0219103681995318,1.1590547720937188,-0.6978048197587581,-0.43236977250733133,0.0,0.0,1.0,0.0,0.0,0.0,0.0,0.0,0.0,0.0,0.0,0.0,1.0,0.0,1.0,0.0,0.0,1.0,0.0,0.0,0.0,1.0,0.0,1.0,3.0,4.0,4.0,4.0,1.0,2.0,2.0,1
-0.7401299936018819,-0.8825403464205657,0.9268739281223902,-1.682152348094709,-0.8380056087026498,-0.6978048197587581,-0.43236977250733133,0.0,0.0,1.0,0.0,0.0,0.0,0.0,0.0,0.0,0.0,0.0,1.0,0.0,0.0,1.0,0.0,0.0,0.0,1.0,0.0,0.0,1.0,1.0,0.0,3.0,2.0,0.0,2.0,0.0,2.0,2.0,1
-1.241417416952952,-0.9021106665182221,-0.8620262950330072,-0.780798109329962,-0.7511768964941121,-0.6978048197587581,-0.43236977250733133,1.0,0.0,0.0,0.0,0.0,0.0,0.0,0.0,0.0,0.0,0.0,0.0,0.0,1.0,1.0,0.0,0.0,0.0,1.0,0.0,1.0,0.0,0.0,1.0,2.0,2.0,3.0,1.0,0.0,2.0,0.0,1
1.265019699802398,-0.33529621035647006,0.03242381654469148,-1.682152348094709,-0.31703333545142326,1.0576790035337154,2.312835132301122,0.0,0.0,0.0,0.0,0.0,0.0,1.0,0.0,0.0,0.0,0.0,0.0,1.0,0.0,1.0,0.0,0.0,0.0,1.0,0.0,1.0,0.0,1.0,0.0,1.0,2.0,0.0,3.0,2.0,2.0,2.0,1
-0.9907737052774169,-0.6549447719515246,-0.8620262950330072,-1.682152348094709,-0.7511768964941121,-0.6978048197587581,-0.43236977250733133,0.0,0.0,0.0,0.0,0.0,0.0,0.0,0.0,1.0,0.0,0.0,0.0,0.0,1.0,1.0,0.0,0.0,0.0,1.0,0.0,0.0,1.0,1.0,0.0,1.0,2.0,0.0,2.0,0.0,0.0,2.0,1
0.26244485310025806,0.9947607296138816,-1.756476406610706,-1.682152348094709,0.7249112110510298,1.0576790035337154,-0.43236977250733133,0.0,0.0,0.0,1.0,0.0,0.0,0.0,0.0,0.0,0.0,0.0,1.0,0.0,0.0,1.0,0.0,0.0,0.0,1.0,0.0,0.0,1.0,1.0,0.0,3.0,2.0,4.0,1.0,2.0,2.0,2.0,0
0.26244485310025806,-0.4469195175801399,0.9268739281223902,1.0219103681995318,0.5512537866339543,1.0576790035337154,-0.43236977250733133,1.0,0.0,0.0,0.0,0.0,0.0,0.0,0.0,0.0,0.0,0.0,1.0,0.0,0.0,1.0,0.0,0.0,1.0,0.0,0.0,0.0,1.0,1.0,0.0,1.0,3.0,4.0,2.0,2.0,2.0,2.0,1
0.763732276451328,0.9987472763004414,0.03242381654469148,-0.780798109329962,0.2039389377998033,-0.6978048197587581,-0.43236977250733133,0.0,0.0,0.0,1.0,0.0,0.0,0.0,0.0,0.0,0.0,0.0,0.0,1.0,0.0,0.0,1.0,0.0,0.0,1.0,0.0,1.0,0.0,1.0,0.0,3.0,4.0,0.0,3.0,2.0,2.0,2.0,1
-0.7401299936018819,-0.5719521182040558,-0.8620262950330072,0.12055612943478493,-0.4906907598684988,-0.6978048197587581,-0.43236977250733133,0.0,0.0,1.0,0.0,0.0,0.0,0.0,0.0,0.0,0.0,0.0,1.0,0.0,0.0,0.0,1.0,0.0,0.0,1.0,0.0,1.0,0.0,1.0,0.0,0.0,2.0,0.0,2.0,1.0,2.0,2.0,1
-0.7401299936018819,0.14200215202526106,-0.8620262950330072,-0.780798109329962,-0.5775194720770366,-0.6978048197587581,2.312835132301122,0.0,0.0,1.0,0.0,0.0,0.0,0.0,0.0,0.0,0.0,0.0,0.0,1.0,0.0,0.0,1.0,0.0,0.0,1.0,0.0,1.0,0.0,1.0,0.0,0.0,2.0,0.0,2.0,1.0,2.0,1.0,1
-0.4894862819263469,-0.6661795853409199,0.9268739281223902,-0.780798109329962,-0.40386204765996103,1.0576790035337154,-0.43236977250733133,0.0,0.0,0.0,1.0,0.0,0.0,0.0,0.0,0.0,0.0,0.0,0.0,1.0,0.0,1.0,0.0,0.0,0.0,1.0,0.0,1.0,0.0,1.0,0.0,3.0,4.0,0.0,2.0,1.0,2.0,2.0,1
-0.7401299936018819,-0.05043932893502688,-0.8620262950330072,1.0219103681995318,2.2009993185961716,-0.6978048197587581,-0.43236977250733133,0.0,0.0,0.0,1.0,0.0,0.0,0.0,0.0,0.0,0.0,1.0,0.0,0.0,0.0,1.0,0.0,0.0,0.0,1.0,0.0,1.0,0.0,1.0,0.0,3.0,2.0,3.0,3.0,0.0,2.0,1.0,1
0.26244485310025806,-0.4201009307796478,-1.756476406610706,-1.682152348094709,-1.1853204575368008,-0.6978048197587581,-0.43236977250733133,0.0,0.0,0.0,1.0,0.0,0.0,0.0,0.0,0.0,0.0,0.0,0.0,0.0,1.0,1.0,0.0,0.0,0.0,1.0,0.0,0.0,1.0,1.0,0.0,1.0,2.0,0.0,1.0,1.0,2.0,2.0,0
-0.23884257025081193,-0.2167870497651063,0.9268739281223902,1.0219103681995318,2.548314167430323,1.0576790035337154,-0.43236977250733133,0.0,0.0,0.0,1.0,0.0,0.0,0.0,0.0,0.0,0.0,0.0,0.0,1.0,0.0,1.0,0.0,0.0,0.0,0.0,1.0,1.0,0.0,1.0,0.0,0.0,2.0,0.0,2.0,3.0,2.0,2.0,0
0.26244485310025806,0.5366702739946652,0.03242381654469148,0.12055612943478493,-0.05654719882581,1.0576790035337154,-0.43236977250733133,0.0,1.0,0.0,0.0,0.0,0.0,0.0,0.0,0.0,0.0,0.0,0.0,1.0,0.0,1.0,0.0,0.0,0.0,1.0,0.0,0.0,1.0,1.0,0.0,3.0,3.0,0.0,3.0,2.0,2.0,1.0,1
0.26244485310025806,0.5866833142442315,-0.8620262950330072,0.12055612943478493,-0.40386204765996103,-0.6978048197587581,-0.43236977250733133,1.0,0.0,0.0,0.0,0.0,0.0,0.0,0.0,0.0,0.0,0.0,0.0,1.0,0.0,0.0,1.0,0.0,0.0,1.0,0.0,0.0,1.0,1.0,0.0,0.0,2.0,0.0,3.0,1.0,2.0,2.0,0
-1.241417416952952,0.06734500498605332,-1.756476406610706,1.0219103681995318,0.7249112110510298,-0.6978048197587581,-0.43236977250733133,0.0,0.0,1.0,0.0,0.0,0.0,0.0,0.0,0.0,0.0,1.0,0.0,0.0,0.0,1.0,0.0,0.0,1.0,0.0,0.0,0.0,1.0,1.0,0.0,0.0,4.0,0.0,2.0,0.0,2.0,3.0,0
-0.9907737052774169,-0.7154677989202027,0.03242381654469148,-1.682152348094709,-0.4906907598684988,1.0576790035337154,-0.43236977250733133,1.0,0.0,0.0,0.0,0.0,0.0,0.0,0.0,0.0,0.0,0.0,0.0,1.0,0.0,1.0,0.0,0.0,0.0,1.0,0.0,1.0,0.0,1.0,0.0,3.0,4.0,0.0,2.0,0.0,2.0,2.0,1
2.267594546504538,-0.05333863561616116,0.03242381654469148,1.0219103681995318,1.5931983331364075,-0.6978048197587581,-0.43236977250733133,0.0,0.0,0.0,0.0,1.0,0.0,0.0,0.0,0.0,0.0,0.0,0.0,1.0,0.0,1.0,0.0,0.0,0.0,1.0,0.0,1.0,0.0,1.0,0.0,0.0,2.0,0.0,2.0,2.0,2.0,2.0,0
-1.241417416952952,-1.0365660138558244,0.9268739281223902,1.0219103681995318,1.419540908719332,1.0576790035337154,-0.43236977250733133,0.0,0.0,0.0,1.0,0.0,0.0,0.0,0.0,0.0,0.0,0.0,0.0,1.0,0.0,1.0,0.0,0.0,0.0,1.0,0.0,1.0,0.0,1.0,0.0,0.0,4.0,2.0,4.0,2.0,2.0,2.0,1
0.26244485310025806,-0.654219945281241,-0.8620262950330072,-0.780798109329962,-0.40386204765996103,-0.6978048197587581,-0.43236977250733133,1.0,0.0,0.0,0.0,0.0,0.0,0.0,0.0,0.0,0.0,0.0,0.0,1.0,0.0,0.0,0.0,1.0,0.0,1.0,0.0,0.0,1.0,1.0,0.0,3.0,2.0,0.0,2.0,0.0,2.0,2.0,1
0.26244485310025806,-0.6933605854765539,0.9268739281223902,1.0219103681995318,-0.31703333545142326,-0.6978048197587581,-0.43236977250733133,1.0,0.0,0.0,0.0,0.0,0.0,0.0,0.0,0.0,0.0,0.0,1.0,0.0,0.0,1.0,0.0,0.0,1.0,0.0,0.0,1.0,0.0,1.0,0.0,0.0,2.0,4.0,3.0,3.0,2.0,2.0,0
0.26244485310025806,-0.6839378387628674,0.9268739281223902,0.12055612943478493,-0.8380056087026498,-0.6978048197587581,-0.43236977250733133,0.0,0.0,0.0,1.0,0.0,0.0,0.0,0.0,0.0,0.0,0.0,0.0,0.0,1.0,1.0,0.0,0.0,0.0,1.0,0.0,0.0,1.0,1.0,0.0,3.0,2.0,1.0,3.0,1.0,2.0,2.0,1
-0.907225801385572,-0.8350641995169918,0.9268739281223902,0.12055612943478493,0.3775963622168788,-0.6978048197587581,-0.43236977250733133,0.0,0.0,0.0,0.0,0.0,0.0,0.0,1.0,0.0,0.0,0.0,1.0,0.0,0.0,1.0,0.0,0.0,0.0,1.0,0.0,0.0,1.0,1.0,0.0,3.0,2.0,4.0,3.0,1.0,2.0,2.0,1
-0.4894862819263469,-0.44184573088815493,0.9268739281223902,-0.780798109329962,-0.05654719882581,-0.6978048197587581,-0.43236977250733133,0.0,0.0,0.0,1.0,0.0,0.0,0.0,0.0,0.0,0.0,0.0,0.0,1.0,0.0,1.0,0.0,0.0,0.0,1.0,0.0,1.0,0.0,1.0,0.0,3.0,2.0,4.0,4.0,2.0,2.0,2.0,1
0.26244485310025806,-0.3088400368911197,0.9268739281223902,0.12055612943478493,-0.05654719882581,1.0576790035337154,-0.43236977250733133,0.0,1.0,0.0,0.0,0.0,0.0,0.0,0.0,0.0,0.0,0.0,0.0,1.0,0.0,1.0,0.0,0.0,0.0,1.0,0.0,0.0,1.0,1.0,0.0,3.0,4.0,0.0,3.0,2.0,2.0,2.0,1
0.26244485310025806,-0.08740548911948896,0.9268739281223902,1.0219103681995318,2.3746567430132473,1.0576790035337154,-0.43236977250733133,0.0,1.0,0.0,0.0,0.0,0.0,0.0,0.0,0.0,0.0,0.0,0.0,1.0,0.0,1.0,0.0,0.0,0.0,1.0,0.0,0.0,1.0,1.0,0.0,0.0,4.0,0.0,4.0,1.0,2.0,2.0,1
-1.241417416952952,-0.6339247985133011,-1.756476406610706,-0.780798109329962,-0.40386204765996103,1.0576790035337154,2.312835132301122,0.0,0.0,0.0,0.0,0.0,0.0,0.0,0.0,1.0,0.0,1.0,0.0,0.0,0.0,1.0,0.0,0.0,0.0,1.0,0.0,1.0,0.0,1.0,0.0,1.0,3.0,1.0,4.0,2.0,0.0,2.0,1
-0.8236778974937269,-0.6799512920763078,0.9268739281223902,1.0219103681995318,0.3775963622168788,1.0576790035337154,-0.43236977250733133,1.0,0.0,0.0,0.0,0.0,0.0,0.0,0.0,0.0,0.0,0.0,1.0,0.0,0.0,1.0,0.0,0.0,0.0,1.0,0.0,1.0,0.0,1.0,0.0,1.0,4.0,3.0,2.0,2.0,2.0,2.0,1
0.26244485310025806,-0.18634432961319633,0.9268739281223902,-0.780798109329962,-0.05654719882581,1.0576790035337154,-0.43236977250733133,0.0,0.0,0.0,1.0,0.0,0.0,0.0,0.0,0.0,0.0,0.0,0.0,1.0,0.0,1.0,0.0,0.0,0.0,1.0,0.0,1.0,0.0,1.0,0.0,3.0,4.0,0.0,2.0,0.0,2.0,1.0,1
-0.7401299936018819,-0.15807608947213708,-1.756476406610706,-0.780798109329962,-0.9248343209111876,-0.6978048197587581,-0.43236977250733133,0.0,0.0,1.0,0.0,0.0,0.0,0.0,0.0,0.0,0.0,0.0,1.0,0.0,0.0,1.0,0.0,0.0,0.0,1.0,0.0,0.0,1.0,1.0,0.0,1.0,2.0,4.0,4.0,1.0,2.0,2.0,0
0.26244485310025806,-0.038479688875347966,0.03242381654469148,-0.780798109329962,-1.1853204575368008,-0.6978048197587581,-0.43236977250733133,0.0,0.0,0.0,1.0,0.0,0.0,0.0,0.0,0.0,0.0,0.0,0.0,0.0,1.0,1.0,0.0,0.0,1.0,0.0,0.0,0.0,1.0,1.0,0.0,1.0,2.0,1.0,1.0,2.0,2.0,2.0,0
0.26244485310025806,0.2025251789939392,0.9268739281223902,1.0219103681995318,2.2878280308047096,-0.6978048197587581,-0.43236977250733133,1.0,0.0,0.0,0.0,0.0,0.0,0.0,0.0,0.0,0.0,0.0,1.0,0.0,0.0,0.0,1.0,0.0,0.0,0.0,1.0,0.0,1.0,1.0,0.0,3.0,2.0,0.0,4.0,3.0,2.0,2.0,1
0.26244485310025806,-0.6719781987031885,0.9268739281223902,-0.780798109329962,0.11711022559126552,1.0576790035337154,2.312835132301122,1.0,0.0,0.0,0.0,0.0,0.0,0.0,0.0,0.0,0.0,0.0,0.0,1.0,0.0,1.0,0.0,0.0,0.0,1.0,0.0,1.0,0.0,1.0,0.0,2.0,4.0,4.0,3.0,0.0,0.0,1.0,0
1.265019699802398,0.18585416557741707,-0.8620262950330072,-0.780798109329962,-0.7511768964941121,-0.6978048197587581,-0.43236977250733133,0.0,0.0,0.0,0.0,0.0,0.0,1.0,0.0,0.0,0.0,0.0,0.0,0.0,1.0,1.0,0.0,0.0,0.0,1.0,0.0,1.0,0.0,1.0,0.0,1.0,2.0,4.0,2.0,2.0,2.0,2.0,1
-0.7401299936018819,-0.6509582252649649,0.03242381654469148,1.0219103681995318,0.11711022559126552,-0.6978048197587581,-0.43236977250733133,0.0,0.0,1.0,0.0,0.0,0.0,0.0,0.0,0.0,0.0,0.0,1.0,0.0,0.0,1.0,0.0,0.0,1.0,0.0,0.0,0.0,1.0,1.0,0.0,3.0,4.0,2.0,3.0,2.0,2.0,2.0,1
1.265019699802398,0.7874603019127805,0.03242381654469148,-0.780798109329962,-0.6643481842855743,1.0576790035337154,-0.43236977250733133,0.0,0.0,1.0,0.0,0.0,0.0,0.0,0.0,0.0,0.0,0.0,0.0,1.0,0.0,0.0,0.0,1.0,0.0,1.0,0.0,1.0,0.0,1.0,0.0,0.0,4.0,0.0,2.0,1.0,2.0,2.0,1
-1.241417416952952,-0.7720042792023213,0.9268739281223902,1.0219103681995318,-0.6643481842855743,-0.6978048197587581,2.312835132301122,0.0,0.0,0.0,1.0,0.0,0.0,0.0,0.0,0.0,0.0,0.0,0.0,1.0,0.0,1.0,0.0,0.0,0.0,1.0,0.0,1.0,0.0,1.0,0.0,1.0,2.0,0.0,4.0,2.0,2.0,2.0,1
2.267594546504538,0.13765319200355966,0.9268739281223902,-1.682152348094709,0.9853973476766431,-0.6978048197587581,-0.43236977250733133,0.0,0.0,0.0,1.0,0.0,0.0,0.0,0.0,0.0,0.0,0.0,0.0,1.0,0.0,1.0,0.0,0.0,0.0,1.0,0.0,0.0,1.0,1.0,0.0,3.0,4.0,4.0,4.0,0.0,2.0,2.0,1
-0.7401299936018819,-0.910808586561625,-0.8620262950330072,0.12055612943478493,-0.9248343209111876,-0.6978048197587581,-0.43236977250733133,1.0,0.0,0.0,0.0,0.0,0.0,0.0,0.0,0.0,0.0,0.0,0.0,0.0,1.0,1.0,0.0,0.0,0.0,1.0,0.0,1.0,0.0,1.0,0.0,1.0,2.0,0.0,3.0,2.0,0.0,1.0,0
-0.7401299936018819,-0.7575077457966498,0.9268739281223902,0.12055612943478493,-0.6643481842855743,1.0576790035337154,-0.43236977250733133,0.0,0.0,0.0,0.0,0.0,1.0,0.0,0.0,0.0,0.0,0.0,0.0,1.0,0.0,1.0,0.0,0.0,0.0,1.0,0.0,1.0,0.0,1.0,0.0,0.0,0.0,0.0,3.0,0.0,2.0,2.0,0
-0.9907737052774169,-0.42336265079592383,-0.8620262950330072,-1.682152348094709,-1.0116630331197254,-0.6978048197587581,-0.43236977250733133,0.0,0.0,1.0,0.0,0.0,0.0,0.0,0.0,0.0,0.0,0.0,0.0,1.0,0.0,1.0,0.0,0.0,0.0,1.0,0.0,0.0,1.0,1.0,0.0,1.0,2.0,4.0,3.0,2.0,2.0,2.0,1
0.011801141424723058,-0.21461256975425558,0.9268739281223902,1.0219103681995318,-0.6643481842855743,-0.6978048197587581,-0.43236977250733133,0.0,0.0,0.0,1.0,0.0,0.0,0.0,0.0,0.0,0.0,0.0,1.0,0.0,0.0,1.0,0.0,0.0,1.0,0.0,0.0,0.0,1.0,1.0,0.0,0.0,2.0,0.0,1.0,1.0,2.0,3.0,1
-0.4894862819263469,-0.5146908112516537,-0.8620262950330072,-1.682152348094709,-0.8380056087026498,1.0576790035337154,-0.43236977250733133,1.0,0.0,0.0,0.0,0.0,0.0,0.0,0.0,0.0,0.0,0.0,1.0,0.0,0.0,1.0,0.0,0.0,1.0,0.0,0.0,1.0,0.0,1.0,0.0,1.0,0.0,0.0,1.0,0.0,2.0,0.0,0
1.265019699802398,2.2468988025287495,-1.756476406610706,1.0219103681995318,-0.6643481842855743,-0.6978048197587581,-0.43236977250733133,0.0,1.0,0.0,0.0,0.0,0.0,0.0,0.0,0.0,0.0,0.0,0.0,0.0,1.0,1.0,0.0,0.0,1.0,0.0,0.0,0.0,1.0,1.0,0.0,1.0,2.0,0.0,1.0,2.0,2.0,3.0,0
-0.4894862819263469,-0.811144919397634,0.03242381654469148,-0.780798109329962,-0.4906907598684988,1.0576790035337154,-0.43236977250733133,0.0,0.0,1.0,0.0,0.0,0.0,0.0,0.0,0.0,0.0,0.0,1.0,0.0,0.0,1.0,0.0,0.0,0.0,1.0,0.0,1.0,0.0,1.0,0.0,3.0,3.0,3.0,3.0,1.0,2.0,2.0,1
-1.241417416952952,-0.7227160656230385,0.9268739281223902,-1.682152348094709,-0.05654719882581,-0.6978048197587581,-0.43236977250733133,1.0,0.0,0.0,0.0,0.0,0.0,0.0,0.0,0.0,0.0,0.0,0.0,1.0,0.0,1.0,0.0,0.0,1.0,0.0,0.0,1.0,0.0,0.0,1.0,3.0,0.0,1.0,2.0,3.0,0.0,2.0,1
0.513088564775793,0.48122103371797204,0.9268739281223902,-0.780798109329962,-0.31703333545142326,1.0576790035337154,2.312835132301122,0.0,0.0,1.0,0.0,0.0,0.0,0.0,0.0,0.0,0.0,0.0,0.0,1.0,0.0,1.0,0.0,0.0,0.0,1.0,0.0,0.0,1.0,1.0,0.0,3.0,4.0,3.0,1.0,0.0,1.0,1.0,1
1.265019699802398,2.2008723089657427,-0.8620262950330072,-1.682152348094709,-1.0116630331197254,-0.6978048197587581,-0.43236977250733133,1.0,0.0,0.0,0.0,0.0,0.0,0.0,0.0,0.0,0.0,0.0,0.0,1.0,0.0,1.0,0.0,0.0,0.0,1.0,0.0,0.0,1.0,1.0,0.0,0.0,2.0,0.0,3.0,2.0,2.0,2.0,0
0.26244485310025806,-0.6600185586435096,0.9268739281223902,-0.780798109329962,0.9853973476766431,-0.6978048197587581,-0.43236977250733133,0.0,0.0,0.0,1.0,0.0,0.0,0.0,0.0,0.0,0.0,0.0,1.0,0.0,0.0,1.0,0.0,0.0,0.0,0.0,1.0,0.0,1.0,1.0,0.0,2.0,2.0,1.0,4.0,3.0,2.0,2.0,1
-0.7401299936018819,-0.42408747746620745,0.9268739281223902,-0.780798109329962,-0.4906907598684988,-0.6978048197587581,-0.43236977250733133,0.0,1.0,0.0,0.0,0.0,0.0,0.0,0.0,0.0,0.0,0.0,0.0,1.0,0.0,1.0,0.0,0.0,0.0,1.0,0.0,1.0,0.0,1.0,0.0,1.0,2.0,4.0,2.0,2.0,2.0,2.0,1
0.26244485310025806,-0.6469716785784053,0.9268739281223902,-0.780798109329962,-0.6643481842855743,-0.6978048197587581,-0.43236977250733133,0.0,0.0,0.0,1.0,0.0,0.0,0.0,0.0,0.0,0.0,0.0,0.0,0.0,1.0,1.0,0.0,0.0,0.0,1.0,0.0,1.0,0.0,1.0,0.0,3.0,2.0,0.0,2.0,1.0,2.0,2.0,1
-0.7401299936018819,-0.8984865331668043,0.9268739281223902,1.0219103681995318,0.4644250744254166,-0.6978048197587581,2.312835132301122,0.0,0.0,0.0,0.0,0.0,0.0,1.0,0.0,0.0,0.0,0.0,0.0,1.0,0.0,1.0,0.0,0.0,0.0,1.0,0.0,1.0,0.0,1.0,0.0,3.0,2.0,0.0,4.0,2.0,0.0,1.0,0
0.26244485310025806,-0.703145745525382,0.9268739281223902,-1.682152348094709,-0.9248343209111876,-0.6978048197587581,-0.43236977250733133,0.0,0.0,0.0,0.0,0.0,0.0,0.0,0.0,1.0,0.0,0.0,0.0,1.0,0.0,1.0,0.0,0.0,0.0,1.0,0.0,0.0,1.0,1.0,0.0,3.0,2.0,0.0,3.0,0.0,2.0,2.0,1
0.011801141424723058,0.16447177880405175,-0.8620262950330072,0.12055612943478493,-0.7511768964941121,1.0576790035337154,-0.43236977250733133,0.0,0.0,0.0,0.0,0.0,0.0,0.0,0.0,1.0,0.0,0.0,0.0,1.0,0.0,1.0,0.0,0.0,0.0,1.0,0.0,1.0,0.0,1.0,0.0,1.0,4.0,0.0,3.0,1.0,2.0,2.0,1
-0.4894862819263469,-0.20555223637571096,-0.8620262950330072,1.0219103681995318,-0.6643481842855743,1.0576790035337154,-0.43236977250733133,1.0,0.0,0.0,0.0,0.0,0.0,0.0,0.0,0.0,0.0,0.0,1.0,0.0,0.0,1.0,0.0,0.0,1.0,0.0,0.0,0.0,1.0,1.0,0.0,1.0,2.0,1.0,2.0,2.0,2.0,2.0,0
2.267594546504538,2.4505750968784326,-1.756476406610706,-0.780798109329962,-0.8380056087026498,-0.6978048197587581,-0.43236977250733133,0.0,0.0,1.0,0.0,0.0,0.0,0.0,0.0,0.0,0.0,0.0,1.0,0.0,0.0,1.0,0.0,0.0,0.0,1.0,0.0,0.0,1.0,1.0,0.0,1.0,2.0,0.0,1.0,2.0,0.0,2.0,0
-0.23884257025081193,0.011170938039076608,-0.8620262950330072,1.0219103681995318,0.2039389377998033,-0.6978048197587581,-0.43236977250733133,0.0,1.0,0.0,0.0,0.0,0.0,0.0,0.0,0.0,0.0,0.0,0.0,1.0,0.0,1.0,0.0,0.0,0.0,1.0,0.0,0.0,1.0,1.0,0.0,3.0,4.0,4.0,0.0,3.0,2.0,3.0,1
-0.7401299936018819,-0.6469716785784053,0.03242381654469148,-0.780798109329962,1.6800270453449453,-0.6978048197587581,-0.43236977250733133,0.0,1.0,0.0,0.0,0.0,0.0,0.0,0.0,0.0,0.0,0.0,0.0,1.0,0.0,1.0,0.0,0.0,0.0,1.0,0.0,1.0,0.0,0.0,1.0,3.0,2.0,3.0,3.0,1.0,2.0,2.0,1
0.011801141424723058,-0.15626402279642815,0.9268739281223902,-0.780798109329962,2.2009993185961716,1.0576790035337154,-0.43236977250733133,0.0,0.0,0.0,0.0,0.0,0.0,0.0,0.0,1.0,0.0,1.0,0.0,0.0,0.0,1.0,0.0,0.0,1.0,0.0,0.0,1.0,0.0,1.0,0.0,1.0,2.0,1.0,4.0,2.0,2.0,1.0,0
0.26244485310025806,0.6834476747270882,-0.8620262950330072,1.0219103681995318,0.5512537866339543,-0.6978048197587581,-0.43236977250733133,0.0,0.0,0.0,1.0,0.0,0.0,0.0,0.0,0.0,0.0,0.0,1.0,0.0,0.0,1.0,0.0,0.0,0.0,1.0,0.0,0.0,1.0,1.0,0.0,1.0,2.0,4.0,4.0,2.0,2.0,2.0,1
-0.23884257025081193,-0.7509843057640977,0.9268739281223902,-0.780798109329962,-1.2721491697453386,-0.6978048197587581,-0.43236977250733133,0.0,0.0,0.0,1.0,0.0,0.0,0.0,0.0,0.0,0.0,0.0,1.0,0.0,0.0,1.0,0.0,0.0,1.0,0.0,0.0,0.0,1.0,1.0,0.0,3.0,2.0,4.0,1.0,0.0,2.0,2.0,1
1.265019699802398,-0.21207567640826308,0.9268739281223902,-0.780798109329962,-0.7511768964941121,1.0576790035337154,-0.43236977250733133,0.0,0.0,0.0,0.0,0.0,1.0,0.0,0.0,0.0,0.0,0.0,0.0,1.0,0.0,1.0,0.0,0.0,0.0,1.0,0.0,1.0,0.0,1.0,0.0,3.0,0.0,0.0,2.0,2.0,2.0,2.0,1
-0.5730341858181919,0.28080645938456483,-1.756476406610706,1.0219103681995318,-1.1853204575368008,-0.6978048197587581,-0.43236977250733133,1.0,0.0,0.0,0.0,0.0,0.0,0.0,0.0,0.0,0.0,0.0,0.0,1.0,0.0,1.0,0.0,0.0,0.0,0.0,1.0,1.0,0.0,1.0,0.0,0.0,2.0,0.0,0.0,3.0,2.0,2.0,1
0.26244485310025806,-0.2903569567988887,0.03242381654469148,-0.780798109329962,-0.05654719882581,1.0576790035337154,-0.43236977250733133,0.0,0.0,0.0,1.0,0.0,0.0,0.0,0.0,0.0,0.0,0.0,0.0,1.0,0.0,1.0,0.0,0.0,0.0,1.0,0.0,0.0,1.0,1.0,0.0,3.0,2.0,2.0,4.0,2.0,0.0,2.0,0
-0.7401299936018819,-0.04391588890247474,-0.8620262950330072,1.0219103681995318,1.419540908719332,-0.6978048197587581,-0.43236977250733133,0.0,0.0,0.0,1.0,0.0,0.0,0.0,0.0,0.0,0.0,0.0,0.0,1.0,0.0,1.0,0.0,0.0,0.0,1.0,0.0,0.0,1.0,1.0,0.0,3.0,2.0,0.0,2.0,2.0,2.0,2.0,1
-0.9907737052774169,-0.0450031289079001,-1.756476406610706,-0.780798109329962,-0.23020462324288551,1.0576790035337154,2.312835132301122,0.0,0.0,0.0,1.0,0.0,0.0,0.0,0.0,0.0,0.0,0.0,0.0,1.0,0.0,1.0,0.0,0.0,0.0,1.0,0.0,1.0,0.0,1.0,0.0,3.0,4.0,4.0,2.0,0.0,2.0,2.0,1
0.26244485310025806,0.6058912210067462,0.03242381654469148,1.0219103681995318,1.5063696209278696,1.0576790035337154,2.312835132301122,1.0,0.0,0.0,0.0,0.0,0.0,0.0,0.0,0.0,0.0,0.0,0.0,1.0,0.0,1.0,0.0,0.0,0.0,0.0,1.0,1.0,0.0,1.0,0.0,0.0,3.0,0.0,2.0,3.0,2.0,2.0,0
-1.241417416952952,0.1731696988474546,-1.756476406610706,0.12055612943478493,0.11711022559126552,2.8131628268261886,2.312835132301122,1.0,0.0,0.0,0.0,0.0,0.0,0.0,0.0,0.0,0.0,0.0,0.0,1.0,0.0,1.0,0.0,0.0,1.0,0.0,0.0,1.0,0.0,1.0,0.0,0.0,4.0,0.0,2.0,0.0,2.0,2.0,1
2.267594546504538,1.8699889339812927,-1.756476406610706,-1.682152348094709,-0.4906907598684988,1.0576790035337154,-0.43236977250733133,1.0,0.0,0.0,0.0,0.0,0.0,0.0,0.0,0.0,0.0,0.0,1.0,0.0,0.0,1.0,0.0,0.0,0.0,1.0,0.0,1.0,0.0,1.0,0.0,1.0,0.0,2.0,1.0,2.0,2.0,2.0,1
-1.241417416952952,-1.0039488136930639,-0.8620262950330072,-1.682152348094709,1.1590547720937188,-0.6978048197587581,-0.43236977250733133,0.0,0.0,1.0,0.0,0.0,0.0,0.0,0.0,0.0,0.0,0.0,1.0,0.0,0.0,1.0,0.0,0.0,0.0,1.0,0.0,0.0,1.0,1.0,0.0,0.0,2.0,0.0,4.0,1.0,0.0,2.0,1
-0.4894862819263469,-0.468664317688647,0.9268739281223902,1.0219103681995318,0.3775963622168788,-0.6978048197587581,-0.43236977250733133,0.0,0.0,0.0,0.0,0.0,0.0,1.0,0.0,0.0,0.0,0.0,0.0,1.0,0.0,1.0,0.0,0.0,1.0,0.0,0.0,0.0,1.0,1.0,0.0,2.0,2.0,0.0,4.0,2.0,2.0,3.0,1
-0.4894862819263469,-0.6984343721685389,0.03242381654469148,1.0219103681995318,0.29076765000834104,1.0576790035337154,-0.43236977250733133,0.0,0.0,0.0,1.0,0.0,0.0,0.0,0.0,0.0,0.0,0.0,0.0,1.0,0.0,1.0,0.0,0.0,0.0,0.0,1.0,0.0,1.0,1.0,0.0,2.0,4.0,4.0,2.0,3.0,2.0,2.0,0
-1.241417416952952,-0.996700546990228,0.9268739281223902,1.0219103681995318,-1.0984917453282632,-0.6978048197587581,-0.43236977250733133,0.0,0.0,0.0,0.0,0.0,0.0,1.0,0.0,0.0,0.0,0.0,1.0,0.0,0.0,1.0,0.0,0.0,0.0,1.0,0.0,1.0,0.0,1.0,0.0,0.0,2.0,0.0,1.0,1.0,2.0,2.0,0
2.267594546504538,1.166182237135946,0.9268739281223902,0.12055612943478493,2.0273418941790964,-0.6978048197587581,-0.43236977250733133,0.0,0.0,0.0,0.0,0.0,0.0,0.0,0.0,1.0,0.0,0.0,1.0,0.0,0.0,1.0,0.0,0.0,1.0,0.0,0.0,1.0,0.0,1.0,0.0,1.0,1.0,0.0,4.0,3.0,2.0,2.0,0
-0.4894862819263469,-0.610367931729085,0.9268739281223902,-0.780798109329962,-1.1853204575368008,-0.6978048197587581,-0.43236977250733133,0.0,0.0,0.0,0.0,0.0,1.0,0.0,0.0,0.0,0.0,0.0,0.0,1.0,0.0,0.0,0.0,1.0,0.0,1.0,0.0,1.0,0.0,1.0,0.0,1.0,2.0,1.0,2.0,0.0,2.0,2.0,1
0.26244485310025806,0.6903335280947821,0.03242381654469148,0.12055612943478493,0.9853973476766431,2.8131628268261886,-0.43236977250733133,0.0,0.0,0.0,1.0,0.0,0.0,0.0,0.0,0.0,0.0,0.0,0.0,0.0,1.0,1.0,0.0,0.0,0.0,0.0,1.0,0.0,1.0,1.0,0.0,3.0,4.0,0.0,1.0,3.0,2.0,2.0,1
-0.4894862819263469,0.12968009863044036,0.03242381654469148,-0.780798109329962,-0.5775194720770366,-0.6978048197587581,-0.43236977250733133,1.0,0.0,0.0,0.0,0.0,0.0,0.0,0.0,0.0,0.0,0.0,0.0,1.0,0.0,1.0,0.0,0.0,0.0,1.0,0.0,1.0,0.0,1.0,0.0,3.0,2.0,4.0,2.0,3.0,2.0,2.0,1
-1.241417416952952,-0.8473862529118126,-1.756476406610706,1.0219103681995318,0.29076765000834104,1.0576790035337154,-0.43236977250733133,1.0,0.0,0.0,0.0,0.0,0.0,0.0,0.0,0.0,0.0,0.0,1.0,0.0,0.0,1.0,0.0,0.0,0.0,1.0,0.0,0.0,1.0,1.0,0.0,0.0,4.0,0.0,4.0,3.0,2.0,2.0,1
0.26244485310025806,-0.5781131449014661,0.9268739281223902,1.0219103681995318,1.6800270453449453,-0.6978048197587581,-0.43236977250733133,0.0,0.0,0.0,1.0,0.0,0.0,0.0,0.0,0.0,0.0,0.0,1.0,0.0,0.0,1.0,0.0,0.0,0.0,1.0,0.0,1.0,0.0,1.0,0.0,0.0,2.0,0.0,4.0,2.0,2.0,2.0,1
-0.7401299936018819,-0.6618306253192185,-0.8620262950330072,0.12055612943478493,0.030281513382727766,-0.6978048197587581,-0.43236977250733133,1.0,0.0,0.0,0.0,0.0,0.0,0.0,0.0,0.0,0.0,1.0,0.0,0.0,0.0,1.0,0.0,0.0,0.0,1.0,0.0,1.0,0.0,1.0,0.0,0.0,2.0,0.0,3.0,2.0,2.0,2.0,0
-1.241417416952952,-0.5958713983234136,-1.756476406610706,-0.780798109329962,-1.0116630331197254,1.0576790035337154,-0.43236977250733133,0.0,0.0,0.0,1.0,0.0,0.0,0.0,0.0,0.0,0.0,0.0,1.0,0.0,0.0,1.0,0.0,0.0,1.0,0.0,0.0,0.0,1.0,1.0,0.0,3.0,4.0,0.0,3.0,2.0,2.0,2.0,1
-0.9907737052774169,-0.7466353457423963,0.9268739281223902,1.0219103681995318,-0.9248343209111876,1.0576790035337154,-0.43236977250733133,0.0,0.0,0.0,1.0,0.0,0.0,0.0,0.0,0.0,0.0,0.0,0.0,1.0,0.0,1.0,0.0,0.0,0.0,1.0,0.0,1.0,0.0,1.0,0.0,0.0,4.0,0.0,2.0,0.0,2.0,1.0,1
1.265019699802398,1.2379400774940195,0.9268739281223902,1.0219103681995318,-0.14337591103434777,1.0576790035337154,-0.43236977250733133,1.0,0.0,0.0,0.0,0.0,0.0,0.0,0.0,0.0,0.0,0.0,0.0,1.0,0.0,1.0,0.0,0.0,0.0,1.0,0.0,0.0,1.0,1.0,0.0,3.0,4.0,0.0,4.0,2.0,2.0,3.0,1
-0.23884257025081193,-0.440033664212446,0.9268739281223902,1.0219103681995318,0.9853973476766431,1.0576790035337154,-0.43236977250733133,0.0,0.0,1.0,0.0,0.0,0.0,0.0,0.0,0.0,0.0,0.0,0.0,1.0,0.0,1.0,0.0,0.0,0.0,0.0,1.0,1.0,0.0,1.0,0.0,3.0,2.0,0.0,2.0,3.0,0.0,2.0,1
1.766307123153468,0.3054505661742062,0.9268739281223902,1.0219103681995318,0.030281513382727766,1.0576790035337154,-0.43236977250733133,0.0,0.0,1.0,0.0,0.0,0.0,0.0,0.0,0.0,0.0,0.0,0.0,1.0,0.0,1.0,0.0,0.0,0.0,1.0,0.0,0.0,1.0,1.0,0.0,3.0,4.0,2.0,2.0,0.0,2.0,2.0,1
-0.7401299936018819,0.16410936546890997,-1.756476406610706,0.12055612943478493,-0.40386204765996103,-0.6978048197587581,2.312835132301122,1.0,0.0,0.0,0.0,0.0,0.0,0.0,0.0,0.0,0.0,0.0,0.0,1.0,0.0,1.0,0.0,0.0,0.0,1.0,0.0,1.0,0.0,1.0,0.0,0.0,2.0,3.0,2.0,1.0,2.0,2.0,1
1.265019699802398,-0.4425705575584385,0.9268739281223902,1.0219103681995318,0.3775963622168788,-0.6978048197587581,-0.43236977250733133,0.0,0.0,0.0,0.0,0.0,0.0,1.0,0.0,0.0,0.0,0.0,0.0,1.0,0.0,1.0,0.0,0.0,0.0,1.0,0.0,0.0,1.0,1.0,0.0,0.0,2.0,4.0,4.0,3.0,2.0,3.0,0
-0.23884257025081193,1.1096457568538276,0.03242381654469148,0.12055612943478493,-0.6643481842855743,-0.6978048197587581,-0.43236977250733133,1.0,0.0,0.0,0.0,0.0,0.0,0.0,0.0,0.0,0.0,0.0,0.0,1.0,0.0,1.0,0.0,0.0,1.0,0.0,0.0,1.0,0.0,1.0,0.0,1.0,2.0,0.0,3.0,0.0,2.0,1.0,1
0.26244485310025806,0.8099299286915712,-0.8620262950330072,1.0219103681995318,-0.8380056087026498,-0.6978048197587581,-0.43236977250733133,0.0,1.0,0.0,0.0,0.0,0.0,0.0,0.0,0.0,0.0,0.0,1.0,0.0,0.0,1.0,0.0,0.0,1.0,0.0,0.0,0.0,1.0,1.0,0.0,3.0,2.0,4.0,0.0,1.0,2.0,3.0,1
-0.9907737052774169,-0.3849468372708946,0.03242381654469148,-0.780798109329962,-0.9248343209111876,-0.6978048197587581,-0.43236977250733133,0.0,0.0,1.0,0.0,0.0,0.0,0.0,0.0,0.0,0.0,0.0,0.0,1.0,0.0,1.0,0.0,0.0,0.0,1.0,0.0,1.0,0.0,1.0,0.0,0.0,2.0,0.0,2.0,0.0,2.0,2.0,1
1.515663411477933,3.1029191001336462,-0.8620262950330072,0.12055612943478493,-0.31703333545142326,-0.6978048197587581,-0.43236977250733133,0.0,0.0,0.0,0.0,0.0,0.0,1.0,0.0,0.0,0.0,0.0,0.0,1.0,0.0,1.0,0.0,0.0,1.0,0.0,0.0,0.0,1.0,1.0,0.0,1.0,3.0,1.0,3.0,3.0,2.0,2.0,1
0.763732276451328,0.3891680465919586,-0.8620262950330072,-0.780798109329962,-0.8380056087026498,1.0576790035337154,-0.43236977250733133,0.0,0.0,0.0,0.0,0.0,0.0,0.0,0.0,1.0,0.0,0.0,0.0,1.0,0.0,1.0,0.0,0.0,0.0,1.0,0.0,1.0,0.0,1.0,0.0,3.0,3.0,1.0,2.0,1.0,2.0,1.0,1
-0.907225801385572,-0.6451596119026964,0.03242381654469148,-0.780798109329962,-0.05654719882581,-0.6978048197587581,-0.43236977250733133,1.0,0.0,0.0,0.0,0.0,0.0,0.0,0.0,0.0,0.0,0.0,0.0,1.0,0.0,1.0,0.0,0.0,1.0,0.0,0.0,1.0,0.0,0.0,1.0,3.0,2.0,1.0,2.0,0.0,2.0,1.0,1
2.267594546504538,0.23405513915127452,0.9268739281223902,1.0219103681995318,-0.14337591103434777,-0.6978048197587581,2.312835132301122,0.0,0.0,0.0,0.0,0.0,0.0,0.0,0.0,1.0,0.0,0.0,0.0,1.0,0.0,1.0,0.0,0.0,0.0,0.0,1.0,1.0,0.0,1.0,0.0,1.0,0.0,1.0,3.0,3.0,2.0,1.0,0
-0.9907737052774169,-0.7111188388985014,-1.756476406610706,1.0219103681995318,-1.0984917453282632,-0.6978048197587581,-0.43236977250733133,0.0,0.0,0.0,0.0,1.0,0.0,0.0,0.0,0.0,0.0,0.0,1.0,0.0,0.0,1.0,0.0,0.0,1.0,0.0,0.0,0.0,1.0,1.0,0.0,3.0,2.0,0.0,1.0,0.0,2.0,2.0,1
-0.23884257025081193,-0.45561743762354273,0.9268739281223902,-0.780798109329962,-0.05654719882581,-0.6978048197587581,-0.43236977250733133,0.0,0.0,0.0,0.0,0.0,0.0,0.0,0.0,1.0,0.0,0.0,0.0,1.0,0.0,1.0,0.0,0.0,0.0,1.0,0.0,0.0,1.0,1.0,0.0,1.0,2.0,3.0,2.0,1.0,2.0,1.0,1
0.26244485310025806,3.167428673788884,-0.8620262950330072,0.12055612943478493,0.29076765000834104,1.0576790035337154,2.312835132301122,0.0,0.0,0.0,0.0,0.0,0.0,0.0,0.0,0.0,1.0,0.0,0.0,1.0,0.0,0.0,1.0,0.0,0.0,1.0,0.0,0.0,1.0,1.0,0.0,1.0,4.0,0.0,2.0,2.0,2.0,3.0,0
-0.23884257025081193,0.7624537817879974,-0.8620262950330072,1.0219103681995318,0.030281513382727766,2.8131628268261886,-0.43236977250733133,1.0,0.0,0.0,0.0,0.0,0.0,0.0,0.0,0.0,0.0,0.0,0.0,1.0,0.0,1.0,0.0,0.0,0.0,0.0,1.0,0.0,1.0,1.0,0.0,0.0,4.0,0.0,4.0,3.0,2.0,3.0,1
-0.907225801385572,1.4894549320824184,-0.8620262950330072,1.0219103681995318,2.982457728473012,-0.6978048197587581,-0.43236977250733133,1.0,0.0,0.0,0.0,0.0,0.0,0.0,0.0,0.0,0.0,0.0,0.0,1.0,0.0,1.0,0.0,0.0,0.0,0.0,1.0,0.0,1.0,1.0,0.0,1.0,2.0,0.0,0.0,3.0,0.0,3.0,1
-0.07174676246712194,1.185027730563319,-1.756476406610706,1.0219103681995318,2.114170606387634,-0.6978048197587581,-0.43236977250733133,0.0,1.0,0.0,0.0,0.0,0.0,0.0,0.0,0.0,0.0,1.0,0.0,0.0,0.0,1.0,0.0,0.0,0.0,1.0,0.0,0.0,1.0,1.0,0.0,1.0,2.0,4.0,0.0,0.0,2.0,3.0,1
-0.7401299936018819,-0.7009712655145314,0.9268739281223902,1.0219103681995318,1.8536844697620207,-0.6978048197587581,-0.43236977250733133,0.0,0.0,0.0,0.0,0.0,0.0,0.0,0.0,1.0,0.0,0.0,0.0,1.0,0.0,1.0,0.0,0.0,1.0,0.0,0.0,1.0,0.0,1.0,0.0,3.0,4.0,4.0,4.0,3.0,2.0,1.0,1
1.265019699802398,-0.13705611603391354,0.9268739281223902,1.0219103681995318,-0.7511768964941121,1.0576790035337154,-0.43236977250733133,1.0,0.0,0.0,0.0,0.0,0.0,0.0,0.0,0.0,0.0,1.0,0.0,0.0,0.0,1.0,0.0,0.0,0.0,1.0,0.0,1.0,0.0,1.0,0.0,1.0,4.0,0.0,1.0,2.0,2.0,2.0,0
-0.7401299936018819,-0.9698819601897359,0.9268739281223902,1.0219103681995318,0.5512537866339543,1.0576790035337154,2.312835132301122,0.0,0.0,0.0,1.0,0.0,0.0,0.0,0.0,0.0,0.0,0.0,0.0,1.0,0.0,1.0,0.0,0.0,0.0,1.0,0.0,0.0,1.0,1.0,0.0,3.0,4.0,2.0,4.0,1.0,2.0,2.0,1
-0.7401299936018819,-0.6060189717073836,0.9268739281223902,1.0219103681995318,2.6351428796388605,1.0576790035337154,-0.43236977250733133,0.0,1.0,0.0,0.0,0.0,0.0,0.0,0.0,0.0,0.0,0.0,0.0,1.0,0.0,1.0,0.0,0.0,0.0,0.0,1.0,1.0,0.0,1.0,0.0,0.0,4.0,0.0,4.0,3.0,2.0,3.0,1
0.011801141424723058,-0.16423711616954742,0.03242381654469148,-0.780798109329962,-0.31703333545142326,1.0576790035337154,-0.43236977250733133,0.0,0.0,1.0,0.0,0.0,0.0,0.0,0.0,0.0,0.0,0.0,0.0,1.0,0.0,1.0,0.0,0.0,0.0,1.0,0.0,0.0,1.0,1.0,0.0,1.0,4.0,3.0,3.0,2.0,2.0,2.0,1
-0.9907737052774169,-0.14466679607189104,-0.8620262950330072,-0.780798109329962,0.030281513382727766,1.0576790035337154,2.312835132301122,1.0,0.0,0.0,0.0,0.0,0.0,0.0,0.0,0.0,0.0,0.0,0.0,1.0,0.0,1.0,0.0,0.0,1.0,0.0,0.0,1.0,0.0,1.0,0.0,0.0,4.0,0.0,2.0,0.0,2.0,2.0,1
0.763732276451328,-0.5375228513655862,0.9268739281223902,-1.682152348094709,-0.8380056087026498,-0.6978048197587581,-0.43236977250733133,0.0,0.0,0.0,1.0,0.0,0.0,0.0,0.0,0.0,0.0,0.0,1.0,0.0,0.0,1.0,0.0,0.0,0.0,1.0,0.0,1.0,0.0,1.0,0.0,1.0,2.0,4.0,2.0,2.0,2.0,2.0,1
0.26244485310025806,0.34096707301810114,0.03242381654469148,0.12055612943478493,-0.7511768964941121,1.0576790035337154,-0.43236977250733133,0.0,0.0,0.0,0.0,0.0,0.0,0.0,0.0,1.0,0.0,0.0,0.0,1.0,0.0,1.0,0.0,0.0,0.0,1.0,0.0,0.0,1.0,1.0,0.0,3.0,4.0,1.0,2.0,1.0,2.0,1.0,1
-0.9907737052774169,-0.7245281322987474,0.9268739281223902,1.0219103681995318,2.7219715918473986,1.0576790035337154,-0.43236977250733133,0.0,0.0,0.0,0.0,0.0,0.0,1.0,0.0,0.0,0.0,0.0,1.0,0.0,0.0,1.0,0.0,0.0,0.0,1.0,0.0,0.0,1.0,1.0,0.0,1.0,2.0,0.0,3.0,1.0,2.0,3.0,1
-1.074321609169262,-0.883627586425991,0.9268739281223902,-0.780798109329962,0.7249112110510298,-0.6978048197587581,-0.43236977250733133,0.0,0.0,0.0,1.0,0.0,0.0,0.0,0.0,0.0,0.0,0.0,1.0,0.0,0.0,0.0,0.0,1.0,0.0,1.0,0.0,1.0,0.0,1.0,0.0,1.0,2.0,0.0,3.0,0.0,2.0,1.0,1
1.265019699802398,0.9429356226886064,0.03242381654469148,1.0219103681995318,-0.14337591103434777,1.0576790035337154,-0.43236977250733133,0.0,1.0,0.0,0.0,0.0,0.0,0.0,0.0,0.0,0.0,0.0,0.0,1.0,0.0,1.0,0.0,0.0,0.0,1.0,0.0,0.0,1.0,1.0,0.0,1.0,4.0,0.0,2.0,2.0,2.0,2.0,1
-0.23884257025081193,-0.4835232644294602,0.9268739281223902,-0.780798109329962,-0.4906907598684988,1.0576790035337154,-0.43236977250733133,0.0,0.0,0.0,0.0,0.0,0.0,1.0,0.0,0.0,0.0,0.0,1.0,0.0,0.0,1.0,0.0,0.0,0.0,1.0,0.0,1.0,0.0,1.0,0.0,3.0,4.0,1.0,2.0,0.0,2.0,2.0,0
0.011801141424723058,0.28189369938999015,-0.8620262950330072,0.12055612943478493,-0.05654719882581,-0.6978048197587581,-0.43236977250733133,0.0,0.0,1.0,0.0,0.0,0.0,0.0,0.0,0.0,0.0,0.0,0.0,1.0,0.0,1.0,0.0,0.0,0.0,1.0,0.0,0.0,1.0,1.0,0.0,1.0,2.0,4.0,3.0,2.0,2.0,2.0,1
-0.7401299936018819,-0.7578701591317916,-0.8620262950330072,-0.780798109329962,-1.3589778819538765,-0.6978048197587581,2.312835132301122,0.0,0.0,0.0,1.0,0.0,0.0,0.0,0.0,0.0,0.0,0.0,0.0,1.0,0.0,1.0,0.0,0.0,1.0,0.0,0.0,0.0,1.0,1.0,0.0,0.0,2.0,0.0,2.0,0.0,2.0,3.0,1
-0.7401299936018819,-0.6143544784156447,0.9268739281223902,1.0219103681995318,0.4644250744254166,-0.6978048197587581,-0.43236977250733133,0.0,1.0,0.0,0.0,0.0,0.0,0.0,0.0,0.0,0.0,0.0,0.0,0.0,1.0,1.0,0.0,0.0,1.0,0.0,0.0,1.0,0.0,1.0,0.0,3.0,3.0,0.0,2.0,0.0,2.0,2.0,1
-0.5730341858181919,-0.6480589185838307,-1.756476406610706,-0.780798109329962,-0.05654719882581,-0.6978048197587581,-0.43236977250733133,0.0,0.0,0.0,0.0,0.0,0.0,0.0,0.0,1.0,0.0,0.0,0.0,0.0,1.0,1.0,0.0,0.0,0.0,1.0,0.0,0.0,1.0,1.0,0.0,1.0,2.0,2.0,4.0,0.0,2.0,2.0,1
-0.9907737052774169,-0.8115073327327759,-1.756476406610706,-0.780798109329962,-0.5775194720770366,-0.6978048197587581,-0.43236977250733133,0.0,0.0,1.0,0.0,0.0,0.0,0.0,0.0,0.0,0.0,0.0,1.0,0.0,0.0,1.0,0.0,0.0,0.0,1.0,0.0,1.0,0.0,1.0,0.0,1.0,2.0,0.0,2.0,2.0,0.0,2.0,0
0.26244485310025806,-0.6034820783613911,0.9268739281223902,0.12055612943478493,0.2039389377998033,-0.6978048197587581,-0.43236977250733133,0.0,0.0,0.0,1.0,0.0,0.0,0.0,0.0,0.0,0.0,0.0,1.0,0.0,0.0,1.0,0.0,0.0,0.0,1.0,0.0,0.0,1.0,1.0,0.0,3.0,2.0,0.0,1.0,2.0,1.0,2.0,1
-1.4085132247366419,-0.941251306713535,-1.756476406610706,0.12055612943478493,-1.0984917453282632,-0.6978048197587581,2.312835132301122,0.0,0.0,1.0,0.0,0.0,0.0,0.0,0.0,0.0,0.0,0.0,1.0,0.0,0.0,1.0,0.0,0.0,1.0,0.0,0.0,1.0,0.0,1.0,0.0,3.0,2.0,0.0,1.0,0.0,2.0,1.0,1
-0.4894862819263469,-0.6234148117941893,0.9268739281223902,0.12055612943478493,-0.23020462324288551,1.0576790035337154,-0.43236977250733133,0.0,0.0,0.0,1.0,0.0,0.0,0.0,0.0,0.0,0.0,0.0,0.0,0.0,1.0,1.0,0.0,0.0,0.0,1.0,0.0,1.0,0.0,1.0,0.0,3.0,3.0,0.0,2.0,0.0,0.0,2.0,1
3.270169393206678,2.159557188759579,-0.8620262950330072,-0.780798109329962,-0.7511768964941121,-0.6978048197587581,-0.43236977250733133,0.0,0.0,0.0,1.0,0.0,0.0,0.0,0.0,0.0,0.0,0.0,0.0,1.0,0.0,1.0,0.0,0.0,0.0,0.0,1.0,1.0,0.0,1.0,0.0,1.0,3.0,4.0,2.0,3.0,2.0,3.0,1
-1.241417416952952,-1.0278680938124216,0.9268739281223902,1.0219103681995318,1.419540908719332,1.0576790035337154,-0.43236977250733133,1.0,0.0,0.0,0.0,0.0,0.0,0.0,0.0,0.0,0.0,0.0,1.0,0.0,0.0,1.0,0.0,0.0,0.0,1.0,0.0,1.0,0.0,1.0,0.0,3.0,4.0,1.0,2.0,2.0,2.0,1.0,1
2.267594546504538,0.148888005392955,-1.756476406610706,-1.682152348094709,-0.7511768964941121,-0.6978048197587581,-0.43236977250733133,0.0,0.0,0.0,0.0,0.0,0.0,0.0,0.0,1.0,0.0,0.0,1.0,0.0,0.0,1.0,0.0,0.0,0.0,1.0,0.0,1.0,0.0,1.0,0.0,3.0,1.0,0.0,2.0,0.0,1.0,2.0,1
0.26244485310025806,2.946356539352395,-0.8620262950330072,0.12055612943478493,-0.5775194720770366,1.0576790035337154,-0.43236977250733133,0.0,0.0,0.0,0.0,0.0,0.0,0.0,0.0,0.0,1.0,0.0,0.0,1.0,0.0,0.0,1.0,0.0,0.0,1.0,0.0,0.0,1.0,1.0,0.0,1.0,2.0,0.0,2.0,2.0,0.0,3.0,0
0.26244485310025806,-0.4577919176343935,0.9268739281223902,1.0219103681995318,-0.40386204765996103,1.0576790035337154,-0.43236977250733133,0.0,0.0,0.0,0.0,0.0,0.0,0.0,0.0,1.0,0.0,1.0,0.0,0.0,0.0,1.0,0.0,0.0,0.0,1.0,0.0,0.0,1.0,1.0,0.0,1.0,4.0,0.0,4.0,0.0,2.0,2.0,0
-1.157869513061107,-0.8524600396037976,0.03242381654469148,1.0219103681995318,0.030281513382727766,-0.6978048197587581,-0.43236977250733133,0.0,0.0,0.0,1.0,0.0,0.0,0.0,0.0,0.0,0.0,0.0,0.0,1.0,0.0,1.0,0.0,0.0,0.0,0.0,1.0,1.0,0.0,1.0,0.0,3.0,3.0,4.0,4.0,3.0,2.0,2.0,1
1.265019699802398,2.30995872284342,-1.756476406610706,-1.682152348094709,-0.6643481842855743,1.0576790035337154,-0.43236977250733133,0.0,0.0,0.0,0.0,0.0,0.0,0.0,0.0,1.0,0.0,1.0,0.0,0.0,0.0,1.0,0.0,0.0,0.0,1.0,0.0,1.0,0.0,1.0,0.0,3.0,3.0,0.0,1.0,2.0,2.0,2.0,0
-1.241417416952952,-0.8861644797719835,-0.8620262950330072,0.12055612943478493,2.461485455221785,-0.6978048197587581,-0.43236977250733133,0.0,0.0,0.0,1.0,0.0,0.0,0.0,0.0,0.0,0.0,0.0,1.0,0.0,0.0,0.0,0.0,1.0,0.0,1.0,0.0,1.0,0.0,1.0,0.0,1.0,2.0,0.0,2.0,0.0,2.0,2.0,1
0.26244485310025806,0.20977344569677492,0.9268739281223902,1.0219103681995318,0.3775963622168788,-0.6978048197587581,-0.43236977250733133,0.0,0.0,1.0,0.0,0.0,0.0,0.0,0.0,0.0,0.0,0.0,0.0,1.0,0.0,1.0,0.0,0.0,0.0,1.0,0.0,0.0,1.0,1.0,0.0,3.0,4.0,3.0,2.0,0.0,2.0,2.0,1
-0.907225801385572,-0.3200748502805151,0.03242381654469148,1.0219103681995318,1.419540908719332,-0.6978048197587581,-0.43236977250733133,0.0,0.0,0.0,1.0,0.0,0.0,0.0,0.0,0.0,0.0,0.0,0.0,1.0,0.0,1.0,0.0,0.0,0.0,1.0,0.0,1.0,0.0,1.0,0.0,0.0,2.0,0.0,4.0,0.0,2.0,1.0,1
0.26244485310025806,1.1288536636163422,0.03242381654469148,1.0219103681995318,0.4644250744254166,-0.6978048197587581,2.312835132301122,0.0,1.0,0.0,0.0,0.0,0.0,0.0,0.0,0.0,0.0,0.0,0.0,1.0,0.0,1.0,0.0,0.0,0.0,1.0,0.0,0.0,1.0,1.0,0.0,3.0,2.0,4.0,4.0,2.0,2.0,3.0,1
-0.23884257025081193,-0.689736452125136,0.9268739281223902,-1.682152348094709,-0.7511768964941121,1.0576790035337154,-0.43236977250733133,0.0,0.0,1.0,0.0,0.0,0.0,0.0,0.0,0.0,0.0,0.0,1.0,0.0,0.0,1.0,0.0,0.0,0.0,1.0,0.0,1.0,0.0,1.0,0.0,1.0,4.0,0.0,1.0,1.0,2.0,2.0,1
0.011801141424723058,-0.34689343708100717,0.9268739281223902,-0.780798109329962,1.2458834843022564,1.0576790035337154,-0.43236977250733133,0.0,0.0,1.0,0.0,0.0,0.0,0.0,0.0,0.0,0.0,0.0,0.0,1.0,0.0,1.0,0.0,0.0,0.0,1.0,0.0,1.0,0.0,1.0,0.0,3.0,2.0,0.0,4.0,0.0,2.0,2.0,1
-0.7401299936018819,-0.9024730798533639,-0.8620262950330072,0.12055612943478493,0.2039389377998033,-0.6978048197587581,2.312835132301122,0.0,0.0,1.0,0.0,0.0,0.0,0.0,0.0,0.0,0.0,0.0,0.0,1.0,0.0,0.0,0.0,1.0,0.0,1.0,0.0,1.0,0.0,1.0,0.0,0.0,2.0,0.0,2.0,1.0,2.0,1.0,1
1.265019699802398,0.9219156492503828,-0.8620262950330072,-0.780798109329962,-0.40386204765996103,1.0576790035337154,-0.43236977250733133,0.0,0.0,0.0,0.0,0.0,0.0,0.0,0.0,1.0,0.0,0.0,0.0,1.0,0.0,1.0,0.0,0.0,0.0,1.0,0.0,0.0,1.0,1.0,0.0,3.0,2.0,1.0,3.0,2.0,2.0,2.0,1
0.26244485310025806,-0.6585689053029424,0.9268739281223902,-0.780798109329962,-0.05654719882581,-0.6978048197587581,-0.43236977250733133,1.0,0.0,0.0,0.0,0.0,0.0,0.0,0.0,0.0,0.0,0.0,1.0,0.0,0.0,1.0,0.0,0.0,0.0,1.0,0.0,1.0,0.0,1.0,0.0,0.0,2.0,4.0,2.0,1.0,2.0,2.0,0
-0.7401299936018819,-0.8814531064151404,0.9268739281223902,0.12055612943478493,2.6351428796388605,-0.6978048197587581,-0.43236977250733133,0.0,0.0,0.0,1.0,0.0,0.0,0.0,0.0,0.0,0.0,0.0,0.0,1.0,0.0,1.0,0.0,0.0,0.0,1.0,0.0,1.0,0.0,1.0,0.0,1.0,2.0,2.0,2.0,0.0,2.0,1.0,0
0.011801141424723058,0.20469965900478992,-0.8620262950330072,-0.780798109329962,-1.0116630331197254,-0.6978048197587581,-0.43236977250733133,1.0,0.0,0.0,0.0,0.0,0.0,0.0,0.0,0.0,0.0,0.0,0.0,1.0,0.0,0.0,1.0,0.0,0.0,1.0,0.0,1.0,0.0,0.0,1.0,0.0,2.0,4.0,3.0,0.0,2.0,1.0,1
0.26244485310025806,-0.33130966366991044,0.9268739281223902,-0.780798109329962,-0.6643481842855743,-0.6978048197587581,-0.43236977250733133,0.0,0.0,0.0,1.0,0.0,0.0,0.0,0.0,0.0,0.0,0.0,0.0,1.0,0.0,1.0,0.0,0.0,0.0,1.0,0.0,0.0,1.0,1.0,0.0,3.0,2.0,0.0,3.0,2.0,2.0,2.0,1
0.42954066088394804,1.727922906605713,-0.8620262950330072,0.12055612943478493,-0.4906907598684988,1.0576790035337154,-0.43236977250733133,0.0,1.0,0.0,0.0,0.0,0.0,0.0,0.0,0.0,0.0,0.0,0.0,1.0,0.0,1.0,0.0,0.0,0.0,1.0,0.0,1.0,0.0,1.0,0.0,1.0,2.0,0.0,1.0,2.0,2.0,2.0,1
-0.4894862819263469,-0.6821257720871585,-0.8620262950330072,-0.780798109329962,0.9853973476766431,1.0576790035337154,-0.43236977250733133,0.0,0.0,0.0,1.0,0.0,0.0,0.0,0.0,0.0,0.0,0.0,0.0,0.0,1.0,1.0,0.0,0.0,0.0,1.0,0.0,1.0,0.0,1.0,0.0,3.0,4.0,2.0,2.0,1.0,2.0,1.0,1
2.267594546504538,3.4613458885888715,0.9268739281223902,-1.682152348094709,0.11711022559126552,-0.6978048197587581,-0.43236977250733133,0.0,0.0,0.0,1.0,0.0,0.0,0.0,0.0,0.0,0.0,0.0,0.0,1.0,0.0,1.0,0.0,0.0,0.0,1.0,0.0,0.0,1.0,1.0,0.0,3.0,3.0,2.0,3.0,2.0,2.0,3.0,1
-0.907225801385572,0.27210853934116197,-1.756476406610706,-1.682152348094709,0.11711022559126552,-0.6978048197587581,2.312835132301122,1.0,0.0,0.0,0.0,0.0,0.0,0.0,0.0,0.0,0.0,0.0,0.0,1.0,0.0,0.0,0.0,1.0,0.0,1.0,0.0,1.0,0.0,1.0,0.0,2.0,2.0,0.0,1.0,1.0,2.0,1.0,1
-0.23884257025081193,-0.45742950429925167,-0.8620262950330072,1.0219103681995318,-1.0984917453282632,1.0576790035337154,-0.43236977250733133,0.0,0.0,0.0,1.0,0.0,0.0,0.0,0.0,0.0,0.0,0.0,0.0,0.0,1.0,1.0,0.0,0.0,1.0,0.0,0.0,1.0,0.0,1.0,0.0,0.0,2.0,4.0,3.0,2.0,2.0,1.0,1
2.267594546504538,1.5887561859112675,-0.8620262950330072,1.0219103681995318,-0.40386204765996103,-0.6978048197587581,-0.43236977250733133,0.0,0.0,0.0,0.0,0.0,0.0,0.0,0.0,0.0,1.0,0.0,0.0,1.0,0.0,1.0,0.0,0.0,0.0,1.0,0.0,0.0,1.0,1.0,0.0,1.0,3.0,1.0,0.0,3.0,2.0,3.0,1
-0.9907737052774169,-0.6922733454711285,0.03242381654469148,1.0219103681995318,1.072226059885181,1.0576790035337154,2.312835132301122,0.0,0.0,0.0,0.0,0.0,1.0,0.0,0.0,0.0,0.0,0.0,0.0,1.0,0.0,0.0,0.0,1.0,0.0,1.0,0.0,1.0,0.0,0.0,1.0,0.0,4.0,1.0,4.0,0.0,2.0,2.0,1
0.26244485310025806,-0.5965962249936972,0.03242381654469148,-1.682152348094709,-0.31703333545142326,-0.6978048197587581,2.312835132301122,0.0,0.0,0.0,1.0,0.0,0.0,0.0,0.0,0.0,0.0,0.0,0.0,1.0,0.0,1.0,0.0,0.0,0.0,1.0,0.0,1.0,0.0,1.0,0.0,3.0,2.0,0.0,3.0,2.0,0.0,2.0,1
-0.4894862819263469,0.14345180536582822,-1.756476406610706,-0.780798109329962,0.8985686354681054,1.0576790035337154,-0.43236977250733133,0.0,1.0,0.0,0.0,0.0,0.0,0.0,0.0,0.0,0.0,0.0,1.0,0.0,0.0,1.0,0.0,0.0,0.0,1.0,0.0,1.0,0.0,1.0,0.0,3.0,3.0,0.0,1.0,1.0,2.0,1.0,1
-0.7401299936018819,-0.8118697460679176,-0.8620262950330072,0.12055612943478493,0.9853973476766431,1.0576790035337154,2.312835132301122,1.0,0.0,0.0,0.0,0.0,0.0,0.0,0.0,0.0,0.0,0.0,0.0,1.0,0.0,1.0,0.0,0.0,0.0,1.0,0.0,1.0,0.0,1.0,0.0,1.0,4.0,0.0,3.0,0.0,2.0,1.0,1
-0.9907737052774169,-0.8198428394410369,0.9268739281223902,-0.780798109329962,1.419540908719332,1.0576790035337154,-0.43236977250733133,0.0,0.0,0.0,0.0,0.0,0.0,1.0,0.0,0.0,0.0,0.0,0.0,1.0,0.0,1.0,0.0,0.0,0.0,1.0,0.0,0.0,1.0,1.0,0.0,3.0,4.0,2.0,4.0,2.0,2.0,2.0,1
0.26244485310025806,0.15722351210121605,-1.756476406610706,1.0219103681995318,-1.1853204575368008,-0.6978048197587581,-0.43236977250733133,0.0,1.0,0.0,0.0,0.0,0.0,0.0,0.0,0.0,0.0,0.0,1.0,0.0,0.0,0.0,0.0,1.0,1.0,0.0,0.0,1.0,0.0,0.0,1.0,0.0,1.0,0.0,2.0,2.0,0.0,2.0,1
-0.9907737052774169,-0.9220433999510204,0.9268739281223902,0.12055612943478493,-0.6643481842855743,-0.6978048197587581,-0.43236977250733133,1.0,0.0,0.0,0.0,0.0,0.0,0.0,0.0,0.0,0.0,0.0,0.0,1.0,0.0,1.0,0.0,0.0,0.0,1.0,0.0,1.0,0.0,1.0,0.0,0.0,2.0,0.0,2.0,2.0,2.0,1.0,0
-0.4894862819263469,-0.5353483713547355,-0.8620262950330072,0.12055612943478493,0.030281513382727766,-0.6978048197587581,-0.43236977250733133,1.0,0.0,0.0,0.0,0.0,0.0,0.0,0.0,0.0,0.0,0.0,0.0,1.0,0.0,1.0,0.0,0.0,0.0,1.0,0.0,1.0,0.0,1.0,0.0,0.0,2.0,0.0,1.0,0.0,2.0,2.0,1
0.26244485310025806,1.3205703179063466,-0.8620262950330072,1.0219103681995318,0.8985686354681054,1.0576790035337154,2.312835132301122,0.0,1.0,0.0,0.0,0.0,0.0,0.0,0.0,0.0,0.0,0.0,0.0,1.0,0.0,1.0,0.0,0.0,0.0,1.0,0.0,0.0,1.0,1.0,0.0,3.0,4.0,4.0,2.0,1.0,2.0,3.0,1
-1.241417416952952,-1.0046736403633474,0.9268739281223902,1.0219103681995318,0.29076765000834104,-0.6978048197587581,-0.43236977250733133,0.0,0.0,0.0,1.0,0.0,0.0,0.0,0.0,0.0,0.0,0.0,0.0,0.0,1.0,1.0,0.0,0.0,0.0,1.0,0.0,1.0,0.0,1.0,0.0,3.0,0.0,0.0,4.0,2.0,2.0,1.0,1
0.26244485310025806,-0.21569980975968092,-0.8620262950330072,1.0219103681995318,-0.6643481842855743,-0.6978048197587581,-0.43236977250733133,0.0,1.0,0.0,0.0,0.0,0.0,0.0,0.0,0.0,0.0,0.0,1.0,0.0,0.0,1.0,0.0,0.0,1.0,0.0,0.0,0.0,1.0,1.0,0.0,3.0,2.0,3.0,2.0,2.0,2.0,2.0,1
0.26244485310025806,-0.01782212877226621,0.9268739281223902,-1.682152348094709,-1.1853204575368008,-0.6978048197587581,-0.43236977250733133,0.0,0.0,1.0,0.0,0.0,0.0,0.0,0.0,0.0,0.0,0.0,0.0,1.0,0.0,1.0,0.0,0.0,0.0,0.0,1.0,1.0,0.0,1.0,0.0,0.0,2.0,0.0,1.0,3.0,0.0,2.0,1
1.265019699802398,0.960331462775412,0.9268739281223902,-1.682152348094709,-1.0116630331197254,-0.6978048197587581,-0.43236977250733133,0.0,0.0,0.0,1.0,0.0,0.0,0.0,0.0,0.0,0.0,0.0,0.0,1.0,0.0,1.0,0.0,0.0,0.0,1.0,0.0,1.0,0.0,1.0,0.0,2.0,2.0,0.0,2.0,2.0,2.0,2.0,1
-1.074321609169262,0.07241879167803832,-1.756476406610706,1.0219103681995318,0.29076765000834104,1.0576790035337154,-0.43236977250733133,1.0,0.0,0.0,0.0,0.0,0.0,0.0,0.0,0.0,0.0,0.0,0.0,1.0,0.0,1.0,0.0,0.0,0.0,1.0,0.0,1.0,0.0,0.0,1.0,0.0,4.0,0.0,3.0,0.0,2.0,1.0,1
0.26244485310025806,-0.6096431050588015,0.9268739281223902,-1.682152348094709,0.6380824988424921,1.0576790035337154,-0.43236977250733133,0.0,0.0,0.0,1.0,0.0,0.0,0.0,0.0,0.0,0.0,0.0,1.0,0.0,0.0,1.0,0.0,0.0,0.0,1.0,0.0,1.0,0.0,1.0,0.0,3.0,4.0,3.0,2.0,0.0,2.0,1.0,1
0.26244485310025806,0.9443852760291735,0.9268739281223902,-0.780798109329962,-0.7511768964941121,1.0576790035337154,-0.43236977250733133,0.0,1.0,0.0,0.0,0.0,0.0,0.0,0.0,0.0,0.0,0.0,0.0,1.0,0.0,1.0,0.0,0.0,0.0,1.0,0.0,1.0,0.0,1.0,0.0,3.0,4.0,3.0,2.0,0.0,2.0,2.0,1
0.26244485310025806,-0.5802876249123169,0.9268739281223902,1.0219103681995318,1.5931983331364075,1.0576790035337154,2.312835132301122,0.0,0.0,0.0,0.0,0.0,0.0,1.0,0.0,0.0,0.0,0.0,0.0,1.0,0.0,1.0,0.0,0.0,0.0,0.0,1.0,1.0,0.0,1.0,0.0,3.0,4.0,0.0,4.0,3.0,2.0,2.0,1
0.763732276451328,2.690855138077436,0.03242381654469148,1.0219103681995318,0.2039389377998033,2.8131628268261886,2.312835132301122,0.0,1.0,0.0,0.0,0.0,0.0,0.0,0.0,0.0,0.0,0.0,0.0,1.0,0.0,1.0,0.0,0.0,0.0,0.0,1.0,0.0,1.0,1.0,0.0,0.0,4.0,0.0,4.0,3.0,2.0,3.0,1
-0.9907737052774169,-0.2870952367826126,-0.8620262950330072,0.12055612943478493,-0.40386204765996103,-0.6978048197587581,-0.43236977250733133,0.0,0.0,1.0,0.0,0.0,0.0,0.0,0.0,0.0,0.0,0.0,0.0,1.0,0.0,1.0,0.0,0.0,0.0,1.0,0.0,1.0,0.0,1.0,0.0,3.0,4.0,0.0,0.0,2.0,2.0,3.0,1
0.26244485310025806,0.707366954846446,0.9268739281223902,1.0219103681995318,-0.23020462324288551,-0.6978048197587581,-0.43236977250733133,0.0,0.0,1.0,0.0,0.0,0.0,0.0,0.0,0.0,0.0,0.0,0.0,1.0,0.0,1.0,0.0,0.0,0.0,1.0,0.0,0.0,1.0,1.0,0.0,3.0,4.0,0.0,4.0,2.0,2.0,2.0,1
-0.4894862819263469,-0.0044128353720201555,-0.8620262950330072,0.12055612943478493,-1.3589778819538765,-0.6978048197587581,-0.43236977250733133,1.0,0.0,0.0,0.0,0.0,0.0,0.0,0.0,0.0,0.0,0.0,1.0,0.0,0.0,1.0,0.0,0.0,1.0,0.0,0.0,1.0,0.0,1.0,0.0,3.0,2.0,3.0,3.0,2.0,2.0,2.0,1
0.26244485310025806,0.3453160330398026,-0.8620262950330072,0.12055612943478493,-0.05654719882581,1.0576790035337154,-0.43236977250733133,0.0,0.0,1.0,0.0,0.0,0.0,0.0,0.0,0.0,0.0,0.0,0.0,1.0,0.0,1.0,0.0,0.0,0.0,1.0,0.0,1.0,0.0,1.0,0.0,3.0,3.0,1.0,2.0,1.0,2.0,2.0,1
2.016950834829003,-0.4904091177971541,0.9268739281223902,1.0219103681995318,-1.0984917453282632,-0.6978048197587581,-0.43236977250733133,0.0,0.0,0.0,1.0,0.0,0.0,0.0,0.0,0.0,0.0,0.0,0.0,1.0,0.0,1.0,0.0,0.0,0.0,0.0,1.0,0.0,1.0,1.0,0.0,0.0,2.0,0.0,2.0,3.0,2.0,2.0,0
0.513088564775793,0.6954073147867671,0.03242381654469148,1.0219103681995318,-0.8380056087026498,1.0576790035337154,-0.43236977250733133,0.0,0.0,0.0,0.0,0.0,0.0,0.0,0.0,1.0,0.0,0.0,0.0,1.0,0.0,1.0,0.0,0.0,0.0,1.0,0.0,1.0,0.0,1.0,0.0,3.0,3.0,0.0,3.0,2.0,2.0,2.0,1
1.265019699802398,-0.4512684776018413,0.9268739281223902,1.0219103681995318,2.2009993185961716,-0.6978048197587581,-0.43236977250733133,0.0,0.0,0.0,0.0,0.0,0.0,0.0,0.0,1.0,0.0,0.0,0.0,1.0,0.0,1.0,0.0,0.0,0.0,0.0,1.0,0.0,1.0,1.0,0.0,1.0,0.0,0.0,4.0,3.0,2.0,3.0,0
-0.7401299936018819,-1.0362036005206827,0.9268739281223902,-1.682152348094709,0.8117399232595676,-0.6978048197587581,-0.43236977250733133,0.0,0.0,0.0,0.0,0.0,0.0,0.0,1.0,0.0,0.0,0.0,0.0,0.0,1.0,1.0,0.0,0.0,0.0,1.0,0.0,1.0,0.0,1.0,0.0,0.0,1.0,0.0,4.0,2.0,0.0,1.0,1
0.763732276451328,-0.06566068901098186,0.9268739281223902,1.0219103681995318,0.9853973476766431,-0.6978048197587581,-0.43236977250733133,0.0,0.0,0.0,1.0,0.0,0.0,0.0,0.0,0.0,0.0,0.0,0.0,1.0,0.0,1.0,0.0,0.0,0.0,1.0,0.0,1.0,0.0,1.0,0.0,2.0,4.0,0.0,4.0,1.0,2.0,2.0,1
-0.7401299936018819,0.0727812050131801,-0.8620262950330072,0.12055612943478493,0.11711022559126552,-0.6978048197587581,-0.43236977250733133,0.0,0.0,0.0,1.0,0.0,0.0,0.0,0.0,0.0,0.0,0.0,0.0,1.0,0.0,1.0,0.0,0.0,0.0,1.0,0.0,1.0,0.0,1.0,0.0,2.0,2.0,4.0,4.0,2.0,2.0,3.0,1
-0.23884257025081193,-0.7767156525591644,0.9268739281223902,-1.682152348094709,-0.4906907598684988,1.0576790035337154,-0.43236977250733133,1.0,0.0,0.0,0.0,0.0,0.0,0.0,0.0,0.0,0.0,0.0,1.0,0.0,0.0,1.0,0.0,0.0,0.0,1.0,0.0,1.0,0.0,1.0,0.0,3.0,4.0,0.0,1.0,1.0,2.0,2.0,1
1.265019699802398,1.6876950264049748,0.9268739281223902,-0.780798109329962,-0.9248343209111876,1.0576790035337154,-0.43236977250733133,1.0,0.0,0.0,0.0,0.0,0.0,0.0,0.0,0.0,0.0,0.0,1.0,0.0,0.0,1.0,0.0,0.0,0.0,1.0,0.0,0.0,1.0,1.0,0.0,3.0,4.0,0.0,2.0,0.0,1.0,2.0,0
0.26244485310025806,-0.5940593316477047,0.9268739281223902,1.0219103681995318,0.3775963622168788,-0.6978048197587581,-0.43236977250733133,0.0,0.0,0.0,0.0,0.0,0.0,0.0,0.0,1.0,0.0,0.0,0.0,1.0,0.0,1.0,0.0,0.0,0.0,1.0,0.0,0.0,1.0,1.0,0.0,3.0,1.0,0.0,3.0,2.0,0.0,2.0,1
3.270169393206678,1.3183958378954959,0.03242381654469148,1.0219103681995318,2.3746567430132473,1.0576790035337154,-0.43236977250733133,0.0,0.0,0.0,0.0,0.0,0.0,0.0,0.0,1.0,0.0,0.0,0.0,1.0,0.0,1.0,0.0,0.0,0.0,1.0,0.0,0.0,1.0,1.0,0.0,0.0,3.0,0.0,4.0,3.0,2.0,2.0,0
0.763732276451328,0.48267068705853916,0.9268739281223902,1.0219103681995318,-0.8380056087026498,-0.6978048197587581,-0.43236977250733133,0.0,0.0,0.0,1.0,0.0,0.0,0.0,0.0,0.0,0.0,0.0,1.0,0.0,0.0,1.0,0.0,0.0,1.0,0.0,0.0,0.0,1.0,1.0,0.0,3.0,4.0,0.0,3.0,2.0,2.0,3.0,1
2.267594546504538,1.6260847594308714,-0.8620262950330072,1.0219103681995318,0.11711022559126552,-0.6978048197587581,-0.43236977250733133,0.0,0.0,0.0,0.0,0.0,0.0,0.0,0.0,1.0,0.0,0.0,1.0,0.0,0.0,0.0,0.0,1.0,1.0,0.0,0.0,1.0,0.0,1.0,0.0,0.0,1.0,0.0,3.0,2.0,2.0,2.0,0
3.270169393206678,2.5977149109459976,-0.8620262950330072,1.0219103681995318,0.5512537866339543,-0.6978048197587581,-0.43236977250733133,1.0,0.0,0.0,0.0,0.0,0.0,0.0,0.0,0.0,0.0,0.0,0.0,1.0,0.0,1.0,0.0,0.0,0.0,1.0,0.0,0.0,1.0,1.0,0.0,3.0,2.0,0.0,4.0,1.0,2.0,3.0,1
-0.7401299936018819,-0.890513439793685,0.9268739281223902,0.12055612943478493,-1.1853204575368008,-0.6978048197587581,-0.43236977250733133,0.0,0.0,0.0,0.0,1.0,0.0,0.0,0.0,0.0,0.0,0.0,1.0,0.0,0.0,1.0,0.0,0.0,0.0,1.0,0.0,1.0,0.0,1.0,0.0,0.0,2.0,1.0,0.0,1.0,2.0,2.0,0
-1.241417416952952,-0.7230784789581802,0.03242381654469148,-0.780798109329962,0.6380824988424921,-0.6978048197587581,-0.43236977250733133,1.0,0.0,0.0,0.0,0.0,0.0,0.0,0.0,0.0,0.0,0.0,0.0,1.0,0.0,1.0,0.0,0.0,0.0,1.0,0.0,0.0,1.0,1.0,0.0,0.0,2.0,1.0,4.0,1.0,2.0,2.0,1
0.26244485310025806,-0.42263782412564027,0.9268739281223902,1.0219103681995318,2.114170606387634,1.0576790035337154,-0.43236977250733133,1.0,0.0,0.0,0.0,0.0,0.0,0.0,0.0,0.0,0.0,0.0,0.0,1.0,0.0,1.0,0.0,0.0,0.0,0.0,1.0,0.0,1.0,1.0,0.0,3.0,3.0,0.0,4.0,3.0,2.0,2.0,1
-0.7401299936018819,-0.8542721062795064,-0.8620262950330072,1.0219103681995318,-1.0984917453282632,-0.6978048197587581,-0.43236977250733133,0.0,0.0,0.0,0.0,0.0,0.0,0.0,0.0,1.0,0.0,0.0,1.0,0.0,0.0,1.0,0.0,0.0,1.0,0.0,0.0,1.0,0.0,1.0,0.0,1.0,2.0,1.0,3.0,0.0,2.0,1.0,1
1.265019699802398,0.12206941859246288,0.9268739281223902,1.0219103681995318,0.11711022559126552,1.0576790035337154,-0.43236977250733133,1.0,0.0,0.0,0.0,0.0,0.0,0.0,0.0,0.0,0.0,0.0,0.0,1.0,0.0,1.0,0.0,0.0,0.0,1.0,0.0,0.0,1.0,1.0,0.0,3.0,4.0,0.0,3.0,2.0,2.0,2.0,1
-0.7401299936018819,-0.6944478254819793,-0.8620262950330072,1.0219103681995318,-1.3589778819538765,-0.6978048197587581,-0.43236977250733133,0.0,0.0,1.0,0.0,0.0,0.0,0.0,0.0,0.0,0.0,0.0,1.0,0.0,0.0,1.0,0.0,0.0,1.0,0.0,0.0,1.0,0.0,1.0,0.0,0.0,2.0,0.0,2.0,2.0,2.0,2.0,0
-0.7401299936018819,-0.6429851318918457,0.03242381654469148,1.0219103681995318,1.6800270453449453,-0.6978048197587581,-0.43236977250733133,0.0,0.0,1.0,0.0,0.0,0.0,0.0,0.0,0.0,0.0,0.0,1.0,0.0,0.0,1.0,0.0,0.0,0.0,1.0,0.0,0.0,1.0,1.0,0.0,2.0,2.0,4.0,4.0,0.0,2.0,3.0,1
-1.074321609169262,-0.900661013177655,0.9268739281223902,1.0219103681995318,0.9853973476766431,1.0576790035337154,-0.43236977250733133,1.0,0.0,0.0,0.0,0.0,0.0,0.0,0.0,0.0,0.0,0.0,0.0,1.0,0.0,1.0,0.0,0.0,0.0,1.0,0.0,1.0,0.0,1.0,0.0,0.0,4.0,0.0,4.0,0.0,2.0,1.0,1
-0.907225801385572,-0.4617784643209531,-1.756476406610706,1.0219103681995318,0.2039389377998033,-0.6978048197587581,-0.43236977250733133,0.0,0.0,0.0,1.0,0.0,0.0,0.0,0.0,0.0,0.0,0.0,0.0,1.0,0.0,1.0,0.0,0.0,0.0,1.0,0.0,0.0,1.0,0.0,1.0,3.0,2.0,0.0,2.0,1.0,2.0,2.0,1
-0.9907737052774169,-0.16133780948841314,0.03242381654469148,1.0219103681995318,-0.05654719882581,-0.6978048197587581,-0.43236977250733133,0.0,0.0,0.0,1.0,0.0,0.0,0.0,0.0,0.0,0.0,0.0,0.0,1.0,0.0,0.0,1.0,0.0,0.0,1.0,0.0,0.0,1.0,1.0,0.0,3.0,2.0,1.0,4.0,2.0,2.0,2.0,1
-0.7401299936018819,-0.9021106665182221,0.9268739281223902,1.0219103681995318,1.8536844697620207,-0.6978048197587581,-0.43236977250733133,0.0,0.0,0.0,1.0,0.0,0.0,0.0,0.0,0.0,0.0,0.0,0.0,1.0,0.0,1.0,0.0,0.0,0.0,1.0,0.0,1.0,0.0,1.0,0.0,0.0,2.0,0.0,4.0,0.0,2.0,1.0,0
1.265019699802398,0.4551272735877635,0.9268739281223902,1.0219103681995318,-0.14337591103434777,1.0576790035337154,-0.43236977250733133,0.0,0.0,0.0,1.0,0.0,0.0,0.0,0.0,0.0,0.0,0.0,1.0,0.0,0.0,1.0,0.0,0.0,0.0,1.0,0.0,1.0,0.0,1.0,0.0,3.0,3.0,0.0,2.0,0.0,2.0,2.0,1
-0.5730341858181919,-0.8684062263500361,0.9268739281223902,-0.780798109329962,-0.7511768964941121,1.0576790035337154,-0.43236977250733133,1.0,0.0,0.0,0.0,0.0,0.0,0.0,0.0,0.0,0.0,0.0,0.0,1.0,0.0,1.0,0.0,0.0,0.0,1.0,0.0,1.0,0.0,1.0,0.0,3.0,3.0,0.0,2.0,2.0,2.0,1.0,1
1.265019699802398,0.018419204741912314,-0.8620262950330072,1.0219103681995318,0.29076765000834104,-0.6978048197587581,2.312835132301122,1.0,0.0,0.0,0.0,0.0,0.0,0.0,0.0,0.0,0.0,0.0,0.0,1.0,0.0,1.0,0.0,0.0,0.0,0.0,1.0,0.0,1.0,1.0,0.0,0.0,2.0,0.0,3.0,3.0,0.0,3.0,1
-0.23884257025081193,-0.5067177178785345,0.9268739281223902,-0.780798109329962,-1.0116630331197254,1.0576790035337154,-0.43236977250733133,0.0,0.0,0.0,1.0,0.0,0.0,0.0,0.0,0.0,0.0,0.0,0.0,1.0,0.0,1.0,0.0,0.0,0.0,1.0,0.0,1.0,0.0,1.0,0.0,3.0,4.0,0.0,2.0,2.0,2.0,2.0,1
3.270169393206678,2.517259150544521,-0.8620262950330072,1.0219103681995318,-1.2721491697453386,-0.6978048197587581,-0.43236977250733133,0.0,0.0,0.0,1.0,0.0,0.0,0.0,0.0,0.0,0.0,0.0,1.0,0.0,0.0,1.0,0.0,0.0,0.0,1.0,0.0,0.0,1.0,1.0,0.0,3.0,2.0,1.0,3.0,0.0,2.0,2.0,1
-0.07174676246712194,-0.35740342380011897,0.9268739281223902,1.0219103681995318,0.29076765000834104,-0.6978048197587581,-0.43236977250733133,0.0,0.0,1.0,0.0,0.0,0.0,0.0,0.0,0.0,0.0,0.0,0.0,1.0,0.0,1.0,0.0,0.0,0.0,1.0,0.0,0.0,1.0,1.0,0.0,0.0,2.0,4.0,3.0,2.0,2.0,2.0,1
2.267594546504538,-0.16206263615869673,0.9268739281223902,0.12055612943478493,0.2039389377998033,1.0576790035337154,2.312835132301122,0.0,1.0,0.0,0.0,0.0,0.0,0.0,0.0,0.0,0.0,0.0,0.0,1.0,0.0,1.0,0.0,0.0,0.0,1.0,0.0,0.0,1.0,1.0,0.0,3.0,4.0,4.0,4.0,2.0,2.0,2.0,1
1.265019699802398,0.28696748608197514,0.03242381654469148,-0.780798109329962,-0.5775194720770366,-0.6978048197587581,-0.43236977250733133,0.0,0.0,0.0,0.0,1.0,0.0,0.0,0.0,0.0,0.0,0.0,1.0,0.0,0.0,1.0,0.0,0.0,0.0,1.0,0.0,1.0,0.0,1.0,0.0,1.0,1.0,4.0,1.0,3.0,0.0,0.0,1
-0.9907737052774169,0.6997562748084685,-0.8620262950330072,1.0219103681995318,3.3297725773071627,-0.6978048197587581,2.312835132301122,0.0,1.0,0.0,0.0,0.0,0.0,0.0,0.0,0.0,0.0,0.0,1.0,0.0,0.0,1.0,0.0,0.0,0.0,0.0,1.0,0.0,1.0,1.0,0.0,1.0,1.0,0.0,4.0,3.0,0.0,3.0,0
-0.7401299936018819,-0.7241657189636056,0.9268739281223902,1.0219103681995318,-1.0984917453282632,-0.6978048197587581,-0.43236977250733133,0.0,0.0,0.0,0.0,0.0,0.0,1.0,0.0,0.0,0.0,0.0,1.0,0.0,0.0,1.0,0.0,0.0,1.0,0.0,0.0,0.0,1.0,1.0,0.0,0.0,2.0,4.0,2.0,1.0,0.0,2.0,1
1.265019699802398,-0.04319106223219117,0.9268739281223902,1.0219103681995318,0.030281513382727766,-0.6978048197587581,-0.43236977250733133,1.0,0.0,0.0,0.0,0.0,0.0,0.0,0.0,0.0,0.0,0.0,0.0,1.0,0.0,1.0,0.0,0.0,0.0,1.0,0.0,1.0,0.0,1.0,0.0,3.0,2.0,4.0,2.0,0.0,2.0,2.0,1
-0.23884257025081193,-0.05406346228644473,-1.756476406610706,-1.682152348094709,0.8117399232595676,-0.6978048197587581,-0.43236977250733133,0.0,0.0,1.0,0.0,0.0,0.0,0.0,0.0,0.0,0.0,0.0,1.0,0.0,0.0,1.0,0.0,0.0,0.0,1.0,0.0,1.0,0.0,1.0,0.0,2.0,2.0,0.0,1.0,1.0,1.0,1.0,1
1.766307123153468,1.4408915451734192,0.9268739281223902,0.12055612943478493,-0.4906907598684988,-0.6978048197587581,-0.43236977250733133,0.0,0.0,0.0,1.0,0.0,0.0,0.0,0.0,0.0,0.0,0.0,1.0,0.0,0.0,1.0,0.0,0.0,0.0,1.0,0.0,0.0,1.0,1.0,0.0,0.0,2.0,4.0,3.0,2.0,2.0,3.0,0
-0.7401299936018819,-0.9064596265399235,0.9268739281223902,-0.780798109329962,0.8985686354681054,1.0576790035337154,-0.43236977250733133,1.0,0.0,0.0,0.0,0.0,0.0,0.0,0.0,0.0,0.0,0.0,0.0,1.0,0.0,1.0,0.0,0.0,0.0,1.0,0.0,0.0,1.0,1.0,0.0,0.0,1.0,0.0,1.0,2.0,0.0,2.0,0
0.26244485310025806,-0.4461946909098563,0.9268739281223902,1.0219103681995318,-1.3589778819538765,-0.6978048197587581,-0.43236977250733133,0.0,0.0,0.0,1.0,0.0,0.0,0.0,0.0,0.0,0.0,0.0,1.0,0.0,0.0,1.0,0.0,0.0,0.0,1.0,0.0,0.0,1.0,1.0,0.0,1.0,2.0,0.0,4.0,2.0,2.0,2.0,1
-0.9907737052774169,-0.7219912389527549,0.9268739281223902,1.0219103681995318,-0.9248343209111876,-0.6978048197587581,-0.43236977250733133,0.0,0.0,0.0,1.0,0.0,0.0,0.0,0.0,0.0,0.0,0.0,1.0,0.0,0.0,1.0,0.0,0.0,0.0,1.0,0.0,1.0,0.0,1.0,0.0,1.0,2.0,0.0,4.0,0.0,2.0,2.0,1
0.26244485310025806,0.8367485154920633,0.03242381654469148,1.0219103681995318,0.7249112110510298,1.0576790035337154,-0.43236977250733133,0.0,0.0,0.0,0.0,0.0,1.0,0.0,0.0,0.0,0.0,0.0,0.0,1.0,0.0,1.0,0.0,0.0,0.0,0.0,1.0,1.0,0.0,1.0,0.0,3.0,4.0,0.0,4.0,3.0,2.0,2.0,1
0.26244485310025806,-0.718367105601337,0.9268739281223902,1.0219103681995318,0.2039389377998033,1.0576790035337154,2.312835132301122,0.0,0.0,0.0,1.0,0.0,0.0,0.0,0.0,0.0,0.0,0.0,0.0,1.0,0.0,1.0,0.0,0.0,0.0,1.0,0.0,1.0,0.0,1.0,0.0,1.0,4.0,1.0,1.0,3.0,0.0,2.0,0
0.26244485310025806,1.225255610764057,0.9268739281223902,-0.780798109329962,-0.5775194720770366,-0.6978048197587581,-0.43236977250733133,0.0,1.0,0.0,0.0,0.0,0.0,0.0,0.0,0.0,0.0,0.0,0.0,1.0,0.0,1.0,0.0,0.0,0.0,0.0,1.0,0.0,1.0,1.0,0.0,0.0,2.0,0.0,0.0,3.0,2.0,3.0,1
-1.241417416952952,-0.7111188388985014,-0.8620262950330072,1.0219103681995318,1.2458834843022564,-0.6978048197587581,-0.43236977250733133,0.0,1.0,0.0,0.0,0.0,0.0,0.0,0.0,0.0,0.0,0.0,0.0,1.0,0.0,1.0,0.0,0.0,1.0,0.0,0.0,1.0,0.0,1.0,0.0,3.0,2.0,2.0,2.0,1.0,2.0,2.0,1
-1.241417416952952,-0.9115334132319085,-0.8620262950330072,-1.682152348094709,-0.5775194720770366,-0.6978048197587581,-0.43236977250733133,0.0,0.0,0.0,1.0,0.0,0.0,0.0,0.0,0.0,0.0,0.0,1.0,0.0,0.0,1.0,0.0,0.0,0.0,1.0,0.0,1.0,0.0,1.0,0.0,2.0,3.0,0.0,1.0,1.0,0.0,2.0,1
2.267594546504538,1.2901275977544366,0.03242381654469148,-0.780798109329962,-0.40386204765996103,-0.6978048197587581,-0.43236977250733133,0.0,0.0,0.0,1.0,0.0,0.0,0.0,0.0,0.0,0.0,0.0,1.0,0.0,0.0,1.0,0.0,0.0,0.0,1.0,0.0,0.0,1.0,1.0,0.0,0.0,2.0,0.0,2.0,2.0,2.0,2.0,0
-0.7401299936018819,-0.06566068901098186,0.03242381654469148,-1.682152348094709,-0.14337591103434777,-0.6978048197587581,-0.43236977250733133,0.0,0.0,1.0,0.0,0.0,0.0,0.0,0.0,0.0,0.0,0.0,1.0,0.0,0.0,1.0,0.0,0.0,1.0,0.0,0.0,1.0,0.0,1.0,0.0,1.0,2.0,0.0,1.0,0.0,2.0,3.0,1
0.5966364686676381,0.2927660994442437,0.03242381654469148,-0.780798109329962,0.8117399232595676,-0.6978048197587581,-0.43236977250733133,1.0,0.0,0.0,0.0,0.0,0.0,0.0,0.0,0.0,0.0,0.0,0.0,1.0,0.0,1.0,0.0,0.0,0.0,1.0,0.0,1.0,0.0,1.0,0.0,0.0,2.0,0.0,2.0,2.0,2.0,1.0,0
-0.907225801385572,-0.7792525459051569,0.9268739281223902,1.0219103681995318,-1.0984917453282632,-0.6978048197587581,-0.43236977250733133,0.0,0.0,0.0,1.0,0.0,0.0,0.0,0.0,0.0,0.0,0.0,0.0,1.0,0.0,1.0,0.0,0.0,0.0,1.0,0.0,1.0,0.0,1.0,0.0,1.0,1.0,0.0,2.0,0.0,1.0,1.0,1
-0.4894862819263469,0.1612100587877757,-1.756476406610706,1.0219103681995318,-0.7511768964941121,1.0576790035337154,-0.43236977250733133,0.0,0.0,1.0,0.0,0.0,0.0,0.0,0.0,0.0,0.0,0.0,1.0,0.0,0.0,1.0,0.0,0.0,0.0,1.0,0.0,1.0,0.0,1.0,0.0,0.0,3.0,0.0,4.0,1.0,2.0,1.0,1
2.267594546504538,1.1353771036488944,0.9268739281223902,1.0219103681995318,0.8985686354681054,1.0576790035337154,-0.43236977250733133,0.0,1.0,0.0,0.0,0.0,0.0,0.0,0.0,0.0,0.0,0.0,0.0,1.0,0.0,1.0,0.0,0.0,0.0,0.0,1.0,0.0,1.0,1.0,0.0,0.0,4.0,0.0,4.0,3.0,2.0,2.0,0
-0.23884257025081193,-0.6716157853680468,0.9268739281223902,0.12055612943478493,-0.8380056087026498,-0.6978048197587581,-0.43236977250733133,0.0,0.0,0.0,1.0,0.0,0.0,0.0,0.0,0.0,0.0,0.0,0.0,0.0,1.0,1.0,0.0,0.0,0.0,1.0,0.0,1.0,0.0,1.0,0.0,0.0,2.0,0.0,2.0,0.0,2.0,2.0,0
-0.7401299936018819,-0.06602310234612364,0.03242381654469148,-1.682152348094709,-1.0116630331197254,-0.6978048197587581,-0.43236977250733133,0.0,0.0,0.0,1.0,0.0,0.0,0.0,0.0,0.0,0.0,0.0,0.0,0.0,1.0,1.0,0.0,0.0,0.0,1.0,0.0,1.0,0.0,1.0,0.0,2.0,2.0,0.0,2.0,2.0,2.0,2.0,1
-0.4894862819263469,-0.777440479229448,0.9268739281223902,-0.780798109329962,-0.7511768964941121,-0.6978048197587581,-0.43236977250733133,0.0,0.0,0.0,1.0,0.0,0.0,0.0,0.0,0.0,0.0,0.0,0.0,0.0,1.0,1.0,0.0,0.0,0.0,1.0,0.0,1.0,0.0,0.0,1.0,0.0,2.0,0.0,1.0,0.0,2.0,2.0,1
0.763732276451328,0.22970617912957308,-0.8620262950330072,-1.682152348094709,-1.1853204575368008,-0.6978048197587581,-0.43236977250733133,0.0,0.0,1.0,0.0,0.0,0.0,0.0,0.0,0.0,0.0,0.0,0.0,0.0,1.0,1.0,0.0,0.0,0.0,1.0,0.0,1.0,0.0,1.0,0.0,1.0,2.0,0.0,1.0,1.0,2.0,2.0,1
-0.9907737052774169,-0.6647299320003528,0.03242381654469148,1.0219103681995318,2.0273418941790964,-0.6978048197587581,-0.43236977250733133,0.0,0.0,0.0,1.0,0.0,0.0,0.0,0.0,0.0,0.0,0.0,0.0,1.0,0.0,1.0,0.0,0.0,0.0,1.0,0.0,1.0,0.0,1.0,0.0,0.0,2.0,0.0,3.0,0.0,2.0,2.0,1
-0.23884257025081193,-0.15336471611529387,-0.8620262950330072,-0.780798109329962,-0.40386204765996103,1.0576790035337154,-0.43236977250733133,1.0,0.0,0.0,0.0,0.0,0.0,0.0,0.0,0.0,0.0,0.0,0.0,1.0,0.0,1.0,0.0,0.0,0.0,1.0,0.0,1.0,0.0,1.0,0.0,3.0,4.0,0.0,3.0,1.0,0.0,2.0,0
-0.7401299936018819,-0.09719064916831717,-0.8620262950330072,-1.682152348094709,-0.7511768964941121,-0.6978048197587581,-0.43236977250733133,0.0,0.0,0.0,1.0,0.0,0.0,0.0,0.0,0.0,0.0,0.0,1.0,0.0,0.0,1.0,0.0,0.0,0.0,1.0,0.0,1.0,0.0,1.0,0.0,1.0,2.0,0.0,3.0,0.0,2.0,2.0,1
0.5966364686676381,-0.164961942839831,0.9268739281223902,-0.780798109329962,-0.5775194720770366,1.0576790035337154,-0.43236977250733133,0.0,0.0,0.0,1.0,0.0,0.0,0.0,0.0,0.0,0.0,0.0,0.0,1.0,0.0,1.0,0.0,0.0,0.0,1.0,0.0,1.0,0.0,1.0,0.0,3.0,4.0,0.0,4.0,2.0,2.0,2.0,1
-0.23884257025081193,-0.293256263480023,0.9268739281223902,-1.682152348094709,-0.7511768964941121,-0.6978048197587581,-0.43236977250733133,0.0,0.0,0.0,1.0,0.0,0.0,0.0,0.0,0.0,0.0,0.0,1.0,0.0,0.0,1.0,0.0,0.0,0.0,1.0,0.0,1.0,0.0,1.0,0.0,0.0,2.0,0.0,1.0,2.0,1.0,2.0,1
-0.7401299936018819,-0.7832390925917165,0.03242381654469148,1.0219103681995318,0.29076765000834104,-0.6978048197587581,-0.43236977250733133,0.0,0.0,0.0,0.0,0.0,0.0,0.0,0.0,1.0,0.0,0.0,0.0,1.0,0.0,1.0,0.0,0.0,0.0,1.0,0.0,1.0,0.0,1.0,0.0,1.0,2.0,1.0,3.0,0.0,2.0,1.0,1
-1.157869513061107,-0.22548496980850913,-0.8620262950330072,-0.780798109329962,-0.05654719882581,-0.6978048197587581,-0.43236977250733133,0.0,0.0,0.0,1.0,0.0,0.0,0.0,0.0,0.0,0.0,0.0,0.0,1.0,0.0,0.0,0.0,1.0,0.0,1.0,0.0,1.0,0.0,0.0,1.0,1.0,2.0,0.0,2.0,0.0,2.0,2.0,1
-0.23884257025081193,-0.8053463060353655,-1.756476406610706,-0.780798109329962,-1.0984917453282632,-0.6978048197587581,-0.43236977250733133,1.0,0.0,0.0,0.0,0.0,0.0,0.0,0.0,0.0,0.0,0.0,1.0,0.0,0.0,1.0,0.0,0.0,0.0,1.0,0.0,1.0,0.0,1.0,0.0,0.0,2.0,0.0,1.0,2.0,2.0,1.0,0
2.267594546504538,1.5503403723862383,0.9268739281223902,-1.682152348094709,1.2458834843022564,-0.6978048197587581,-0.43236977250733133,0.0,0.0,0.0,0.0,0.0,0.0,1.0,0.0,0.0,0.0,0.0,0.0,1.0,0.0,1.0,0.0,0.0,0.0,0.0,1.0,0.0,1.0,1.0,0.0,0.0,2.0,0.0,3.0,3.0,2.0,3.0,1
0.011801141424723058,-0.5893479582908615,0.9268739281223902,1.0219103681995318,0.030281513382727766,-0.6978048197587581,-0.43236977250733133,0.0,0.0,0.0,0.0,0.0,0.0,0.0,0.0,1.0,0.0,0.0,1.0,0.0,0.0,1.0,0.0,0.0,0.0,1.0,0.0,1.0,0.0,1.0,0.0,3.0,2.0,3.0,4.0,0.0,0.0,1.0,1
-1.241417416952952,-1.0684583873483016,-0.8620262950330072,-0.780798109329962,0.4644250744254166,1.0576790035337154,-0.43236977250733133,1.0,0.0,0.0,0.0,0.0,0.0,0.0,0.0,0.0,0.0,0.0,1.0,0.0,0.0,1.0,0.0,0.0,0.0,1.0,0.0,1.0,0.0,1.0,0.0,3.0,4.0,3.0,2.0,0.0,0.0,1.0,1
-1.241417416952952,-0.9836536669251238,0.03242381654469148,0.12055612943478493,-0.6643481842855743,-0.6978048197587581,-0.43236977250733133,0.0,0.0,0.0,1.0,0.0,0.0,0.0,0.0,0.0,0.0,0.0,0.0,0.0,1.0,0.0,0.0,1.0,0.0,1.0,0.0,1.0,0.0,1.0,0.0,1.0,2.0,0.0,3.0,0.0,0.0,1.0,1
0.011801141424723058,-0.31862519693994795,-0.8620262950330072,-1.682152348094709,-0.23020462324288551,-0.6978048197587581,-0.43236977250733133,0.0,0.0,0.0,0.0,0.0,0.0,1.0,0.0,0.0,0.0,1.0,0.0,0.0,0.0,1.0,0.0,0.0,1.0,0.0,0.0,1.0,0.0,1.0,0.0,2.0,4.0,0.0,1.0,2.0,2.0,2.0,0
-0.7401299936018819,-0.6480589185838307,-0.8620262950330072,-0.780798109329962,-0.40386204765996103,-0.6978048197587581,-0.43236977250733133,0.0,0.0,0.0,0.0,0.0,0.0,0.0,1.0,0.0,0.0,0.0,0.0,1.0,0.0,1.0,0.0,0.0,0.0,1.0,0.0,0.0,1.0,1.0,0.0,1.0,0.0,0.0,2.0,0.0,2.0,1.0,1
1.265019699802398,1.125591943600066,0.9268739281223902,1.0219103681995318,0.030281513382727766,1.0576790035337154,-0.43236977250733133,0.0,0.0,0.0,0.0,0.0,0.0,0.0,0.0,1.0,0.0,0.0,0.0,1.0,0.0,1.0,0.0,0.0,0.0,1.0,0.0,1.0,0.0,1.0,0.0,3.0,4.0,4.0,4.0,0.0,2.0,2.0,1
-0.4894862819263469,-0.6505958119298232,-0.8620262950330072,1.0219103681995318,-0.6643481842855743,-0.6978048197587581,-0.43236977250733133,1.0,0.0,0.0,0.0,0.0,0.0,0.0,0.0,0.0,0.0,0.0,1.0,0.0,0.0,1.0,0.0,0.0,1.0,0.0,0.0,1.0,0.0,1.0,0.0,0.0,2.0,0.0,2.0,2.0,2.0,2.0,1
0.26244485310025806,-0.4614160509858113,-0.8620262950330072,-0.780798109329962,-0.8380056087026498,-0.6978048197587581,-0.43236977250733133,0.0,0.0,1.0,0.0,0.0,0.0,0.0,0.0,0.0,0.0,0.0,0.0,1.0,0.0,1.0,0.0,0.0,0.0,1.0,0.0,1.0,0.0,1.0,0.0,2.0,2.0,0.0,2.0,0.0,2.0,2.0,1
-0.907225801385572,-0.6926357588062703,0.9268739281223902,-0.780798109329962,0.8117399232595676,-0.6978048197587581,-0.43236977250733133,1.0,0.0,0.0,0.0,0.0,0.0,0.0,0.0,0.0,0.0,0.0,0.0,1.0,0.0,0.0,1.0,0.0,0.0,1.0,0.0,1.0,0.0,0.0,1.0,3.0,2.0,4.0,4.0,1.0,2.0,1.0,1
2.267594546504538,-0.05007691559988509,0.9268739281223902,1.0219103681995318,-0.6643481842855743,1.0576790035337154,-0.43236977250733133,0.0,0.0,0.0,1.0,0.0,0.0,0.0,0.0,0.0,0.0,0.0,0.0,1.0,0.0,1.0,0.0,0.0,0.0,1.0,0.0,1.0,0.0,1.0,0.0,1.0,2.0,0.0,3.0,0.0,2.0,2.0,0
2.267594546504538,2.5727083908212145,0.9268739281223902,1.0219103681995318,0.29076765000834104,2.8131628268261886,2.312835132301122,0.0,1.0,0.0,0.0,0.0,0.0,0.0,0.0,0.0,0.0,0.0,0.0,1.0,0.0,1.0,0.0,0.0,0.0,0.0,1.0,0.0,1.0,1.0,0.0,0.0,2.0,0.0,3.0,3.0,2.0,2.0,0
-0.23884257025081193,-0.49946945117569874,-0.8620262950330072,-0.780798109329962,-0.4906907598684988,-0.6978048197587581,-0.43236977250733133,1.0,0.0,0.0,0.0,0.0,0.0,0.0,0.0,0.0,0.0,0.0,0.0,0.0,1.0,1.0,0.0,0.0,0.0,1.0,0.0,0.0,1.0,1.0,0.0,3.0,2.0,0.0,2.0,1.0,2.0,3.0,1
-0.7401299936018819,-0.7669304925103363,0.9268739281223902,1.0219103681995318,1.072226059885181,1.0576790035337154,-0.43236977250733133,1.0,0.0,0.0,0.0,0.0,0.0,0.0,0.0,0.0,0.0,0.0,0.0,1.0,0.0,1.0,0.0,0.0,0.0,1.0,0.0,1.0,0.0,1.0,0.0,0.0,0.0,0.0,2.0,2.0,0.0,2.0,0
0.763732276451328,-0.3686382371895143,0.9268739281223902,1.0219103681995318,0.030281513382727766,1.0576790035337154,-0.43236977250733133,1.0,0.0,0.0,0.0,0.0,0.0,0.0,0.0,0.0,0.0,0.0,0.0,1.0,0.0,1.0,0.0,0.0,0.0,1.0,0.0,1.0,0.0,1.0,0.0,1.0,4.0,4.0,4.0,0.0,2.0,2.0,1
-0.4894862819263469,-0.6969847188279717,0.9268739281223902,-0.780798109329962,-1.0116630331197254,-0.6978048197587581,-0.43236977250733133,0.0,0.0,0.0,0.0,1.0,0.0,0.0,0.0,0.0,0.0,0.0,1.0,0.0,0.0,1.0,0.0,0.0,1.0,0.0,0.0,1.0,0.0,1.0,0.0,0.0,2.0,4.0,2.0,2.0,2.0,2.0,0
-0.23884257025081193,-0.4157519707579464,0.9268739281223902,-1.682152348094709,-0.23020462324288551,-0.6978048197587581,-0.43236977250733133,0.0,0.0,0.0,1.0,0.0,0.0,0.0,0.0,0.0,0.0,0.0,0.0,1.0,0.0,1.0,0.0,0.0,0.0,1.0,0.0,1.0,0.0,1.0,0.0,3.0,2.0,0.0,1.0,0.0,2.0,2.0,1
2.267594546504538,3.251146154206636,0.9268739281223902,1.0219103681995318,0.030281513382727766,-0.6978048197587581,-0.43236977250733133,1.0,0.0,0.0,0.0,0.0,0.0,0.0,0.0,0.0,0.0,0.0,0.0,1.0,0.0,0.0,1.0,0.0,0.0,0.0,1.0,0.0,1.0,1.0,0.0,1.0,1.0,4.0,0.0,3.0,2.0,3.0,1
0.26244485310025806,-0.6759647453897482,0.9268739281223902,-0.780798109329962,0.6380824988424921,1.0576790035337154,2.312835132301122,1.0,0.0,0.0,0.0,0.0,0.0,0.0,0.0,0.0,0.0,0.0,0.0,1.0,0.0,1.0,0.0,0.0,0.0,0.0,1.0,1.0,0.0,1.0,0.0,0.0,3.0,0.0,0.0,0.0,2.0,2.0,0
1.265019699802398,1.4238581184217554,-0.8620262950330072,1.0219103681995318,-1.0984917453282632,1.0576790035337154,-0.43236977250733133,0.0,0.0,1.0,0.0,0.0,0.0,0.0,0.0,0.0,0.0,0.0,1.0,0.0,0.0,1.0,0.0,0.0,1.0,0.0,0.0,0.0,1.0,1.0,0.0,3.0,4.0,0.0,1.0,1.0,2.0,2.0,0
-1.241417416952952,-0.6582064919678007,-1.756476406610706,-1.682152348094709,-0.6643481842855743,1.0576790035337154,-0.43236977250733133,0.0,0.0,0.0,1.0,0.0,0.0,0.0,0.0,0.0,0.0,0.0,1.0,0.0,0.0,1.0,0.0,0.0,0.0,1.0,0.0,0.0,1.0,1.0,0.0,3.0,4.0,0.0,2.0,2.0,2.0,2.0,1
-1.241417416952952,-0.9155199599184681,-1.756476406610706,1.0219103681995318,1.5931983331364075,-0.6978048197587581,-0.43236977250733133,1.0,0.0,0.0,0.0,0.0,0.0,0.0,0.0,0.0,0.0,0.0,1.0,0.0,0.0,1.0,0.0,0.0,0.0,1.0,0.0,0.0,1.0,1.0,0.0,3.0,2.0,0.0,0.0,0.0,2.0,0.0,1
0.26244485310025806,0.31124917953647474,0.03242381654469148,0.12055612943478493,0.6380824988424921,-0.6978048197587581,-0.43236977250733133,0.0,0.0,1.0,0.0,0.0,0.0,0.0,0.0,0.0,0.0,1.0,0.0,0.0,0.0,1.0,0.0,0.0,0.0,1.0,0.0,0.0,1.0,1.0,0.0,1.0,2.0,0.0,3.0,2.0,2.0,2.0,0
0.26244485310025806,0.5047779005021881,-0.8620262950330072,0.12055612943478493,1.5931983331364075,2.8131628268261886,-0.43236977250733133,0.0,0.0,0.0,0.0,0.0,0.0,0.0,0.0,1.0,0.0,0.0,0.0,1.0,0.0,1.0,0.0,0.0,0.0,1.0,0.0,0.0,1.0,1.0,0.0,3.0,2.0,3.0,2.0,1.0,2.0,3.0,0
0.26244485310025806,1.3658719847990697,0.9268739281223902,1.0219103681995318,0.030281513382727766,-0.6978048197587581,-0.43236977250733133,0.0,0.0,0.0,0.0,0.0,0.0,0.0,0.0,1.0,0.0,0.0,0.0,1.0,0.0,1.0,0.0,0.0,1.0,0.0,0.0,0.0,1.0,1.0,0.0,1.0,3.0,1.0,3.0,2.0,2.0,3.0,1
-0.7401299936018819,-0.7633063591589184,0.9268739281223902,1.0219103681995318,1.1590547720937188,1.0576790035337154,-0.43236977250733133,0.0,0.0,0.0,1.0,0.0,0.0,0.0,0.0,0.0,0.0,0.0,1.0,0.0,0.0,0.0,0.0,1.0,0.0,1.0,0.0,0.0,1.0,1.0,0.0,1.0,2.0,0.0,2.0,0.0,2.0,2.0,1
-0.7401299936018819,-0.7158302122553445,-1.756476406610706,-1.682152348094709,0.8985686354681054,1.0576790035337154,-0.43236977250733133,1.0,0.0,0.0,0.0,0.0,0.0,0.0,0.0,0.0,0.0,1.0,0.0,0.0,0.0,1.0,0.0,0.0,1.0,0.0,0.0,1.0,0.0,1.0,0.0,1.0,2.0,0.0,4.0,0.0,2.0,2.0,0
1.265019699802398,1.8616534272730318,0.03242381654469148,1.0219103681995318,0.9853973476766431,-0.6978048197587581,-0.43236977250733133,0.0,1.0,0.0,0.0,0.0,0.0,0.0,0.0,0.0,0.0,0.0,0.0,1.0,0.0,1.0,0.0,0.0,0.0,0.0,1.0,1.0,0.0,1.0,0.0,0.0,2.0,4.0,4.0,3.0,2.0,2.0,0
-0.4894862819263469,-0.8669565730094689,0.9268739281223902,1.0219103681995318,-1.1853204575368008,-0.6978048197587581,-0.43236977250733133,0.0,0.0,0.0,0.0,0.0,0.0,0.0,0.0,1.0,0.0,0.0,1.0,0.0,0.0,1.0,0.0,0.0,0.0,1.0,0.0,1.0,0.0,1.0,0.0,0.0,2.0,0.0,2.0,1.0,2.0,1.0,1
-0.23884257025081193,-0.31826278360480614,-0.8620262950330072,0.12055612943478493,-0.14337591103434777,1.0576790035337154,-0.43236977250733133,0.0,0.0,0.0,1.0,0.0,0.0,0.0,0.0,0.0,0.0,0.0,0.0,0.0,1.0,1.0,0.0,0.0,0.0,1.0,0.0,1.0,0.0,1.0,0.0,3.0,3.0,0.0,0.0,0.0,2.0,2.0,1
-0.23884257025081193,-0.7763532392240227,0.03242381654469148,0.12055612943478493,-0.4906907598684988,1.0576790035337154,-0.43236977250733133,1.0,0.0,0.0,0.0,0.0,0.0,0.0,0.0,0.0,0.0,0.0,0.0,1.0,0.0,0.0,0.0,1.0,0.0,1.0,0.0,1.0,0.0,1.0,0.0,1.0,4.0,0.0,4.0,0.0,2.0,2.0,0
1.766307123153468,0.579072634206254,0.9268739281223902,1.0219103681995318,1.766855757553483,-0.6978048197587581,-0.43236977250733133,0.0,1.0,0.0,0.0,0.0,0.0,0.0,0.0,0.0,0.0,0.0,0.0,1.0,0.0,1.0,0.0,0.0,0.0,0.0,1.0,1.0,0.0,1.0,0.0,2.0,4.0,0.0,4.0,3.0,2.0,2.0,1
0.011801141424723058,-0.013835582085706571,0.9268739281223902,0.12055612943478493,0.4644250744254166,-0.6978048197587581,-0.43236977250733133,0.0,0.0,0.0,1.0,0.0,0.0,0.0,0.0,0.0,0.0,0.0,0.0,1.0,0.0,1.0,0.0,0.0,0.0,1.0,0.0,0.0,1.0,1.0,0.0,3.0,2.0,4.0,4.0,1.0,2.0,2.0,1
1.766307123153468,0.2779071527034305,0.9268739281223902,0.12055612943478493,-0.14337591103434777,-0.6978048197587581,-0.43236977250733133,0.0,0.0,0.0,1.0,0.0,0.0,0.0,0.0,0.0,0.0,0.0,0.0,1.0,0.0,1.0,0.0,0.0,0.0,1.0,0.0,1.0,0.0,1.0,0.0,0.0,2.0,0.0,1.0,2.0,2.0,2.0,0
0.26244485310025806,-0.3628396238272457,0.9268739281223902,1.0219103681995318,0.6380824988424921,1.0576790035337154,2.312835132301122,0.0,1.0,0.0,0.0,0.0,0.0,0.0,0.0,0.0,0.0,0.0,0.0,1.0,0.0,1.0,0.0,0.0,0.0,1.0,0.0,0.0,1.0,1.0,0.0,3.0,4.0,4.0,3.0,2.0,2.0,2.0,1
-0.23884257025081193,1.0893506100858876,-0.8620262950330072,1.0219103681995318,0.7249112110510298,-0.6978048197587581,2.312835132301122,0.0,0.0,0.0,0.0,0.0,1.0,0.0,0.0,0.0,0.0,0.0,0.0,1.0,0.0,1.0,0.0,0.0,0.0,1.0,0.0,0.0,1.0,1.0,0.0,1.0,3.0,0.0,2.0,0.0,2.0,1.0,1
-0.7401299936018819,-0.6484213319189724,0.9268739281223902,0.12055612943478493,1.5931983331364075,-0.6978048197587581,-0.43236977250733133,0.0,1.0,0.0,0.0,0.0,0.0,0.0,0.0,0.0,0.0,0.0,0.0,1.0,0.0,1.0,0.0,0.0,0.0,1.0,0.0,1.0,0.0,1.0,0.0,0.0,4.0,0.0,4.0,0.0,2.0,2.0,1
-0.7401299936018819,-0.9350902800161246,0.9268739281223902,1.0219103681995318,1.766855757553483,-0.6978048197587581,-0.43236977250733133,0.0,0.0,0.0,1.0,0.0,0.0,0.0,0.0,0.0,0.0,0.0,0.0,1.0,0.0,1.0,0.0,0.0,0.0,1.0,0.0,1.0,0.0,1.0,0.0,3.0,4.0,0.0,4.0,0.0,2.0,2.0,1
-0.7401299936018819,-0.8234669727924547,-1.756476406610706,-0.780798109329962,0.2039389377998033,-0.6978048197587581,-0.43236977250733133,1.0,0.0,0.0,0.0,0.0,0.0,0.0,0.0,0.0,0.0,0.0,1.0,0.0,0.0,1.0,0.0,0.0,0.0,1.0,0.0,1.0,0.0,1.0,0.0,3.0,4.0,0.0,0.0,1.0,2.0,0.0,1
0.011801141424723058,0.02784195145559873,-1.756476406610706,1.0219103681995318,0.030281513382727766,-0.6978048197587581,-0.43236977250733133,0.0,1.0,0.0,0.0,0.0,0.0,0.0,0.0,0.0,0.0,0.0,0.0,1.0,0.0,1.0,0.0,0.0,0.0,1.0,0.0,0.0,1.0,1.0,0.0,3.0,4.0,0.0,4.0,2.0,2.0,3.0,1
-0.7401299936018819,-0.02688246215081084,-1.756476406610706,0.12055612943478493,1.1590547720937188,1.0576790035337154,2.312835132301122,1.0,0.0,0.0,0.0,0.0,0.0,0.0,0.0,0.0,0.0,0.0,0.0,1.0,0.0,1.0,0.0,0.0,0.0,1.0,0.0,1.0,0.0,1.0,0.0,1.0,4.0,0.0,1.0,0.0,0.0,1.0,1
-0.7401299936018819,-0.6814009454168749,0.9268739281223902,1.0219103681995318,1.5931983331364075,-0.6978048197587581,-0.43236977250733133,1.0,0.0,0.0,0.0,0.0,0.0,0.0,0.0,0.0,0.0,0.0,0.0,1.0,0.0,1.0,0.0,0.0,0.0,1.0,0.0,0.0,1.0,1.0,0.0,1.0,2.0,3.0,4.0,0.0,2.0,2.0,1
-1.241417416952952,-0.48062395774832595,0.9268739281223902,1.0219103681995318,0.030281513382727766,2.8131628268261886,-0.43236977250733133,0.0,0.0,1.0,0.0,0.0,0.0,0.0,0.0,0.0,0.0,0.0,0.0,1.0,0.0,1.0,0.0,0.0,0.0,0.0,1.0,0.0,1.0,1.0,0.0,0.0,4.0,0.0,0.0,3.0,2.0,3.0,1
1.265019699802398,0.8316747288000783,-0.8620262950330072,1.0219103681995318,0.5512537866339543,-0.6978048197587581,2.312835132301122,0.0,1.0,0.0,0.0,0.0,0.0,0.0,0.0,0.0,0.0,0.0,0.0,1.0,0.0,1.0,0.0,0.0,0.0,0.0,1.0,1.0,0.0,1.0,0.0,0.0,2.0,0.0,4.0,3.0,2.0,2.0,1
0.513088564775793,1.962404334442448,-0.8620262950330072,-0.780798109329962,-0.7511768964941121,1.0576790035337154,-0.43236977250733133,0.0,1.0,0.0,0.0,0.0,0.0,0.0,0.0,0.0,0.0,0.0,0.0,1.0,0.0,1.0,0.0,0.0,0.0,1.0,0.0,1.0,0.0,1.0,0.0,3.0,3.0,3.0,2.0,2.0,2.0,2.0,1
-1.241417416952952,-0.4498188242612742,-1.756476406610706,1.0219103681995318,-0.40386204765996103,-0.6978048197587581,-0.43236977250733133,0.0,0.0,0.0,1.0,0.0,0.0,0.0,0.0,0.0,0.0,0.0,1.0,0.0,0.0,1.0,0.0,0.0,0.0,1.0,0.0,1.0,0.0,1.0,0.0,0.0,4.0,0.0,3.0,2.0,2.0,2.0,1
-0.907225801385572,-0.6078310383830925,0.9268739281223902,-0.780798109329962,-0.40386204765996103,-0.6978048197587581,-0.43236977250733133,0.0,0.0,1.0,0.0,0.0,0.0,0.0,0.0,0.0,0.0,1.0,0.0,0.0,0.0,1.0,0.0,0.0,0.0,1.0,0.0,1.0,0.0,1.0,0.0,1.0,2.0,0.0,2.0,2.0,2.0,1.0,1
3.270169393206678,4.198132198932121,0.03242381654469148,1.0219103681995318,2.114170606387634,1.0576790035337154,-0.43236977250733133,0.0,0.0,0.0,0.0,0.0,0.0,0.0,0.0,0.0,1.0,0.0,1.0,0.0,0.0,1.0,0.0,0.0,0.0,0.0,1.0,0.0,1.0,1.0,0.0,1.0,1.0,1.0,4.0,3.0,0.0,3.0,0
-1.241417416952952,-0.9945260669793774,0.03242381654469148,-1.682152348094709,-1.1853204575368008,-0.6978048197587581,-0.43236977250733133,0.0,0.0,0.0,0.0,0.0,1.0,0.0,0.0,0.0,0.0,0.0,0.0,0.0,1.0,1.0,0.0,0.0,0.0,1.0,0.0,1.0,0.0,1.0,0.0,1.0,2.0,0.0,1.0,1.0,2.0,1.0,1
2.267594546504538,4.52068006720831,-0.8620262950330072,-0.780798109329962,-1.0984917453282632,-0.6978048197587581,-0.43236977250733133,0.0,0.0,0.0,0.0,0.0,0.0,0.0,0.0,1.0,0.0,0.0,0.0,1.0,0.0,1.0,0.0,0.0,0.0,1.0,0.0,0.0,1.0,1.0,0.0,1.0,2.0,0.0,2.0,2.0,2.0,2.0,0
-0.23884257025081193,-0.7277898523150235,-0.8620262950330072,1.0219103681995318,1.6800270453449453,2.8131628268261886,2.312835132301122,0.0,0.0,0.0,0.0,0.0,1.0,0.0,0.0,0.0,0.0,0.0,1.0,0.0,0.0,1.0,0.0,0.0,0.0,0.0,1.0,1.0,0.0,1.0,0.0,0.0,4.0,0.0,0.0,3.0,2.0,0.0,0
-0.907225801385572,-0.7129309055742102,0.03242381654469148,1.0219103681995318,-0.31703333545142326,1.0576790035337154,2.312835132301122,1.0,0.0,0.0,0.0,0.0,0.0,0.0,0.0,0.0,0.0,0.0,0.0,1.0,0.0,1.0,0.0,0.0,0.0,1.0,0.0,1.0,0.0,0.0,1.0,3.0,4.0,0.0,4.0,0.0,2.0,1.0,1
-0.4894862819263469,-0.3037662501991347,-0.8620262950330072,-0.780798109329962,0.030281513382727766,-0.6978048197587581,-0.43236977250733133,0.0,1.0,0.0,0.0,0.0,0.0,0.0,0.0,0.0,0.0,0.0,0.0,1.0,0.0,1.0,0.0,0.0,0.0,1.0,0.0,0.0,1.0,1.0,0.0,2.0,4.0,2.0,2.0,2.0,2.0,2.0,1
-0.7401299936018819,-0.6719781987031885,0.9268739281223902,-0.780798109329962,0.6380824988424921,1.0576790035337154,2.312835132301122,1.0,0.0,0.0,0.0,0.0,0.0,0.0,0.0,0.0,0.0,0.0,0.0,1.0,0.0,1.0,0.0,0.0,0.0,1.0,0.0,1.0,0.0,1.0,0.0,0.0,3.0,0.0,2.0,0.0,2.0,1.0,1
-0.7401299936018819,-0.9470499200758035,0.9268739281223902,1.0219103681995318,-1.3589778819538765,1.0576790035337154,-0.43236977250733133,0.0,0.0,0.0,1.0,0.0,0.0,0.0,0.0,0.0,0.0,0.0,0.0,0.0,1.0,0.0,1.0,0.0,1.0,0.0,0.0,1.0,0.0,1.0,0.0,1.0,3.0,0.0,2.0,0.0,2.0,2.0,1
0.26244485310025806,-0.30412866353427653,-1.756476406610706,-1.682152348094709,-0.23020462324288551,-0.6978048197587581,-0.43236977250733133,0.0,0.0,1.0,0.0,0.0,0.0,0.0,0.0,0.0,0.0,1.0,0.0,0.0,0.0,1.0,0.0,0.0,0.0,1.0,0.0,1.0,0.0,1.0,0.0,0.0,2.0,1.0,0.0,1.0,2.0,2.0,0
-0.7401299936018819,-0.7691049725211869,-0.8620262950330072,-0.780798109329962,-0.8380056087026498,-0.6978048197587581,-0.43236977250733133,0.0,0.0,0.0,0.0,0.0,0.0,0.0,0.0,1.0,0.0,0.0,0.0,0.0,1.0,1.0,0.0,0.0,0.0,1.0,0.0,0.0,1.0,1.0,0.0,3.0,2.0,0.0,2.0,0.0,2.0,2.0,1
0.26244485310025806,0.8381981688326304,0.9268739281223902,-1.682152348094709,-0.9248343209111876,-0.6978048197587581,-0.43236977250733133,0.0,0.0,1.0,0.0,0.0,0.0,0.0,0.0,0.0,0.0,0.0,0.0,1.0,0.0,1.0,0.0,0.0,0.0,1.0,0.0,1.0,0.0,1.0,0.0,3.0,2.0,1.0,2.0,2.0,1.0,2.0,1
0.763732276451328,1.2843289843921681,-0.8620262950330072,0.12055612943478493,0.030281513382727766,1.0576790035337154,-0.43236977250733133,0.0,0.0,0.0,1.0,0.0,0.0,0.0,0.0,0.0,0.0,0.0,0.0,1.0,0.0,1.0,0.0,0.0,0.0,1.0,0.0,1.0,0.0,1.0,0.0,3.0,4.0,4.0,3.0,1.0,2.0,2.0,1
-0.7401299936018819,-0.22476014313822557,0.03242381654469148,1.0219103681995318,1.6800270453449453,-0.6978048197587581,-0.43236977250733133,0.0,0.0,1.0,0.0,0.0,0.0,0.0,0.0,0.0,0.0,0.0,1.0,0.0,0.0,1.0,0.0,0.0,0.0,0.0,1.0,1.0,0.0,1.0,0.0,0.0,2.0,0.0,0.0,3.0,2.0,3.0,1
-0.4894862819263469,-0.6850250787682928,0.9268739281223902,1.0219103681995318,0.2039389377998033,1.0576790035337154,-0.43236977250733133,0.0,0.0,0.0,0.0,0.0,1.0,0.0,0.0,0.0,0.0,0.0,0.0,1.0,0.0,1.0,0.0,0.0,0.0,1.0,0.0,1.0,0.0,1.0,0.0,1.0,2.0,0.0,4.0,2.0,2.0,1.0,1
0.26244485310025806,-0.3534168771135593,0.9268739281223902,1.0219103681995318,1.419540908719332,1.0576790035337154,-0.43236977250733133,0.0,0.0,0.0,1.0,0.0,0.0,0.0,0.0,0.0,0.0,0.0,0.0,1.0,0.0,1.0,0.0,0.0,0.0,1.0,0.0,1.0,0.0,1.0,0.0,3.0,4.0,1.0,4.0,1.0,0.0,2.0,1
1.265019699802398,0.27573267269257984,0.9268739281223902,0.12055612943478493,-0.4906907598684988,-0.6978048197587581,-0.43236977250733133,0.0,0.0,1.0,0.0,0.0,0.0,0.0,0.0,0.0,0.0,0.0,0.0,1.0,0.0,1.0,0.0,0.0,0.0,1.0,0.0,0.0,1.0,1.0,0.0,0.0,2.0,0.0,0.0,1.0,2.0,3.0,1
-0.4894862819263469,-0.20555223637571096,0.03242381654469148,-0.780798109329962,-0.9248343209111876,-0.6978048197587581,-0.43236977250733133,0.0,0.0,0.0,0.0,0.0,1.0,0.0,0.0,0.0,0.0,0.0,1.0,0.0,0.0,1.0,0.0,0.0,0.0,1.0,0.0,1.0,0.0,1.0,0.0,1.0,2.0,1.0,2.0,0.0,2.0,1.0,1
-0.7401299936018819,-0.703145745525382,-0.8620262950330072,1.0219103681995318,-1.1853204575368008,1.0576790035337154,-0.43236977250733133,0.0,0.0,1.0,0.0,0.0,0.0,0.0,0.0,0.0,0.0,0.0,1.0,0.0,0.0,1.0,0.0,0.0,1.0,0.0,0.0,1.0,0.0,1.0,0.0,3.0,4.0,0.0,1.0,1.0,2.0,1.0,1
-0.7401299936018819,-0.9383520000324006,0.9268739281223902,-1.682152348094709,-0.8380056087026498,-0.6978048197587581,-0.43236977250733133,0.0,0.0,0.0,0.0,0.0,0.0,0.0,0.0,1.0,0.0,0.0,1.0,0.0,0.0,1.0,0.0,0.0,0.0,1.0,0.0,1.0,0.0,1.0,0.0,2.0,1.0,0.0,1.0,0.0,0.0,0.0,0
-0.23884257025081193,-0.735400532353001,0.9268739281223902,0.12055612943478493,-0.5775194720770366,1.0576790035337154,-0.43236977250733133,0.0,0.0,0.0,1.0,0.0,0.0,0.0,0.0,0.0,0.0,0.0,0.0,1.0,0.0,1.0,0.0,0.0,0.0,1.0,0.0,0.0,1.0,1.0,0.0,3.0,4.0,4.0,2.0,1.0,2.0,2.0,1
-0.23884257025081193,-0.3729871972112157,0.9268739281223902,-0.780798109329962,-0.6643481842855743,-0.6978048197587581,-0.43236977250733133,0.0,0.0,0.0,0.0,0.0,0.0,0.0,0.0,1.0,0.0,0.0,0.0,0.0,1.0,1.0,0.0,0.0,0.0,1.0,0.0,0.0,1.0,1.0,0.0,3.0,3.0,0.0,2.0,2.0,2.0,2.0,0
1.265019699802398,-0.32587346364278363,0.9268739281223902,1.0219103681995318,0.29076765000834104,-0.6978048197587581,-0.43236977250733133,0.0,0.0,0.0,1.0,0.0,0.0,0.0,0.0,0.0,0.0,0.0,0.0,1.0,0.0,1.0,0.0,0.0,0.0,1.0,0.0,1.0,0.0,1.0,0.0,3.0,2.0,2.0,4.0,2.0,2.0,2.0,1
-0.9907737052774169,-0.8727551863717375,0.9268739281223902,0.12055612943478493,2.6351428796388605,-0.6978048197587581,-0.43236977250733133,0.0,0.0,0.0,1.0,0.0,0.0,0.0,0.0,0.0,0.0,0.0,1.0,0.0,0.0,1.0,0.0,0.0,0.0,1.0,0.0,1.0,0.0,1.0,0.0,1.0,2.0,2.0,2.0,0.0,2.0,1.0,1
0.513088564775793,0.7591920617717213,-0.8620262950330072,1.0219103681995318,1.2458834843022564,1.0576790035337154,-0.43236977250733133,0.0,0.0,0.0,0.0,0.0,0.0,0.0,0.0,1.0,0.0,0.0,0.0,1.0,0.0,1.0,0.0,0.0,0.0,1.0,0.0,0.0,1.0,1.0,0.0,0.0,0.0,0.0,0.0,1.0,2.0,2.0,0
0.26244485310025806,-0.17402227621837563,0.03242381654469148,1.0219103681995318,-1.3589778819538765,-0.6978048197587581,-0.43236977250733133,1.0,0.0,0.0,0.0,0.0,0.0,0.0,0.0,0.0,0.0,0.0,1.0,0.0,0.0,1.0,0.0,0.0,1.0,0.0,0.0,0.0,1.0,1.0,0.0,1.0,2.0,0.0,2.0,1.0,2.0,1.0,0
1.265019699802398,0.089814631764844,0.9268739281223902,-0.780798109329962,0.5512537866339543,-0.6978048197587581,2.312835132301122,0.0,0.0,1.0,0.0,0.0,0.0,0.0,0.0,0.0,0.0,0.0,0.0,1.0,0.0,1.0,0.0,0.0,0.0,1.0,0.0,1.0,0.0,1.0,0.0,0.0,2.0,0.0,4.0,2.0,2.0,2.0,0
-0.7401299936018819,-0.8709431196960286,0.9268739281223902,1.0219103681995318,1.5063696209278696,-0.6978048197587581,-0.43236977250733133,0.0,0.0,0.0,0.0,0.0,0.0,1.0,0.0,0.0,0.0,0.0,1.0,0.0,0.0,1.0,0.0,0.0,0.0,1.0,0.0,1.0,0.0,1.0,0.0,0.0,2.0,0.0,1.0,1.0,2.0,2.0,0
-0.7401299936018819,-0.600220358345115,-0.8620262950330072,1.0219103681995318,0.030281513382727766,-0.6978048197587581,-0.43236977250733133,0.0,0.0,0.0,0.0,0.0,0.0,0.0,0.0,1.0,0.0,0.0,0.0,1.0,0.0,1.0,0.0,0.0,0.0,1.0,0.0,0.0,1.0,1.0,0.0,3.0,2.0,0.0,3.0,2.0,2.0,2.0,1
-0.23884257025081193,0.3982283799705032,0.9268739281223902,0.12055612943478493,0.3775963622168788,-0.6978048197587581,-0.43236977250733133,0.0,0.0,1.0,0.0,0.0,0.0,0.0,0.0,0.0,0.0,1.0,0.0,0.0,0.0,1.0,0.0,0.0,0.0,1.0,0.0,0.0,1.0,1.0,0.0,1.0,3.0,0.0,4.0,3.0,2.0,3.0,0
-0.4894862819263469,-0.6081934517182344,0.9268739281223902,1.0219103681995318,2.3746567430132473,-0.6978048197587581,-0.43236977250733133,0.0,0.0,1.0,0.0,0.0,0.0,0.0,0.0,0.0,0.0,0.0,0.0,1.0,0.0,1.0,0.0,0.0,0.0,1.0,0.0,1.0,0.0,1.0,0.0,3.0,4.0,4.0,4.0,1.0,2.0,2.0,1
-0.23884257025081193,1.291214837759862,-0.8620262950330072,1.0219103681995318,2.808800304055936,1.0576790035337154,-0.43236977250733133,1.0,0.0,0.0,0.0,0.0,0.0,0.0,0.0,0.0,0.0,0.0,0.0,1.0,0.0,1.0,0.0,0.0,1.0,0.0,0.0,1.0,0.0,1.0,0.0,3.0,2.0,4.0,2.0,2.0,1.0,2.0,0
2.267594546504538,2.5455273906855806,0.9268739281223902,0.12055612943478493,0.11711022559126552,-0.6978048197587581,-0.43236977250733133,0.0,0.0,0.0,1.0,0.0,0.0,0.0,0.0,0.0,0.0,0.0,0.0,1.0,0.0,1.0,0.0,0.0,0.0,1.0,0.0,0.0,1.0,1.0,0.0,3.0,2.0,4.0,3.0,2.0,1.0,2.0,1
-0.9907737052774169,-0.674515092049181,0.9268739281223902,-0.780798109329962,-0.14337591103434777,1.0576790035337154,-0.43236977250733133,0.0,0.0,0.0,1.0,0.0,0.0,0.0,0.0,0.0,0.0,0.0,0.0,1.0,0.0,1.0,0.0,0.0,0.0,1.0,0.0,0.0,1.0,1.0,0.0,2.0,0.0,0.0,1.0,2.0,2.0,3.0,0
-0.7401299936018819,-0.5820996915880258,0.03242381654469148,-0.780798109329962,-0.05654719882581,-0.6978048197587581,-0.43236977250733133,0.0,0.0,1.0,0.0,0.0,0.0,0.0,0.0,0.0,0.0,0.0,1.0,0.0,0.0,1.0,0.0,0.0,0.0,1.0,0.0,1.0,0.0,1.0,0.0,3.0,4.0,3.0,3.0,1.0,2.0,2.0,1
-0.7401299936018819,-0.3566785971298354,0.9268739281223902,0.12055612943478493,-1.0116630331197254,-0.6978048197587581,-0.43236977250733133,0.0,0.0,0.0,1.0,0.0,0.0,0.0,0.0,0.0,0.0,0.0,0.0,1.0,0.0,1.0,0.0,0.0,0.0,1.0,0.0,1.0,0.0,1.0,0.0,0.0,2.0,0.0,2.0,1.0,2.0,1.0,1
-0.7401299936018819,0.10902253852735862,0.03242381654469148,-0.780798109329962,-0.5775194720770366,1.0576790035337154,-0.43236977250733133,1.0,0.0,0.0,0.0,0.0,0.0,0.0,0.0,0.0,0.0,0.0,1.0,0.0,0.0,0.0,1.0,0.0,0.0,1.0,0.0,1.0,0.0,1.0,0.0,0.0,4.0,0.0,2.0,0.0,2.0,2.0,0
-0.07174676246712194,1.0690554633179477,0.03242381654469148,1.0219103681995318,-0.40386204765996103,1.0576790035337154,-0.43236977250733133,0.0,1.0,0.0,0.0,0.0,0.0,0.0,0.0,0.0,0.0,0.0,0.0,0.0,1.0,1.0,0.0,0.0,0.0,1.0,0.0,0.0,1.0,1.0,0.0,1.0,0.0,1.0,4.0,2.0,0.0,2.0,1
-0.907225801385572,-0.684662665433151,0.9268739281223902,1.0219103681995318,-0.7511768964941121,-0.6978048197587581,-0.43236977250733133,1.0,0.0,0.0,0.0,0.0,0.0,0.0,0.0,0.0,0.0,0.0,0.0,1.0,0.0,0.0,0.0,1.0,0.0,1.0,0.0,1.0,0.0,1.0,0.0,3.0,2.0,4.0,2.0,1.0,2.0,1.0,0
1.265019699802398,0.46201312695545743,0.9268739281223902,-0.780798109329962,-0.40386204765996103,-0.6978048197587581,-0.43236977250733133,0.0,0.0,0.0,1.0,0.0,0.0,0.0,0.0,0.0,0.0,0.0,0.0,1.0,0.0,1.0,0.0,0.0,0.0,1.0,0.0,1.0,0.0,1.0,0.0,2.0,2.0,0.0,4.0,2.0,2.0,2.0,1
-0.4894862819263469,0.27573267269257984,0.03242381654469148,-0.780798109329962,-0.5775194720770366,-0.6978048197587581,-0.43236977250733133,1.0,0.0,0.0,0.0,0.0,0.0,0.0,0.0,0.0,0.0,0.0,1.0,0.0,0.0,1.0,0.0,0.0,0.0,1.0,0.0,0.0,1.0,1.0,0.0,0.0,2.0,0.0,2.0,1.0,2.0,2.0,0
-0.7401299936018819,-0.4849729177700273,0.9268739281223902,-0.780798109329962,-0.14337591103434777,1.0576790035337154,-0.43236977250733133,0.0,1.0,0.0,0.0,0.0,0.0,0.0,0.0,0.0,0.0,0.0,0.0,1.0,0.0,1.0,0.0,0.0,0.0,1.0,0.0,0.0,1.0,1.0,0.0,1.0,4.0,0.0,0.0,2.0,2.0,3.0,1
0.26244485310025806,1.161470863779103,-1.756476406610706,-0.780798109329962,-0.23020462324288551,-0.6978048197587581,-0.43236977250733133,0.0,0.0,0.0,1.0,0.0,0.0,0.0,0.0,0.0,0.0,0.0,0.0,1.0,0.0,1.0,0.0,0.0,0.0,1.0,0.0,1.0,0.0,1.0,0.0,1.0,3.0,0.0,1.0,2.0,2.0,2.0,1
-0.23884257025081193,-0.4617784643209531,0.9268739281223902,0.12055612943478493,-0.7511768964941121,-0.6978048197587581,-0.43236977250733133,0.0,0.0,1.0,0.0,0.0,0.0,0.0,0.0,0.0,0.0,0.0,1.0,0.0,0.0,1.0,0.0,0.0,1.0,0.0,0.0,1.0,0.0,1.0,0.0,1.0,2.0,4.0,1.0,0.0,2.0,2.0,0
0.26244485310025806,-0.5962338116585554,0.03242381654469148,-0.780798109329962,-1.0984917453282632,1.0576790035337154,-0.43236977250733133,0.0,0.0,0.0,1.0,0.0,0.0,0.0,0.0,0.0,0.0,0.0,1.0,0.0,0.0,1.0,0.0,0.0,1.0,0.0,0.0,0.0,1.0,1.0,0.0,1.0,3.0,1.0,3.0,1.0,2.0,2.0,1
-0.4894862819263469,0.5286971806215459,0.03242381654469148,-0.780798109329962,-0.4906907598684988,-0.6978048197587581,-0.43236977250733133,0.0,1.0,0.0,0.0,0.0,0.0,0.0,0.0,0.0,0.0,0.0,0.0,1.0,0.0,1.0,0.0,0.0,0.0,1.0,0.0,0.0,1.0,1.0,0.0,3.0,2.0,0.0,2.0,2.0,2.0,2.0,1
-0.8236778974937269,-0.5875358916151525,0.9268739281223902,-1.682152348094709,-1.3589778819538765,-0.6978048197587581,-0.43236977250733133,0.0,0.0,1.0,0.0,0.0,0.0,0.0,0.0,0.0,0.0,0.0,1.0,0.0,0.0,1.0,0.0,0.0,0.0,1.0,0.0,1.0,0.0,1.0,0.0,1.0,2.0,3.0,1.0,0.0,2.0,2.0,1
0.011801141424723058,0.6540921945806035,-1.756476406610706,1.0219103681995318,-0.5775194720770366,1.0576790035337154,-0.43236977250733133,1.0,0.0,0.0,0.0,0.0,0.0,0.0,0.0,0.0,0.0,0.0,1.0,0.0,0.0,1.0,0.0,0.0,0.0,1.0,0.0,0.0,1.0,1.0,0.0,3.0,0.0,4.0,2.0,1.0,0.0,2.0,0
-0.4894862819263469,1.3234696245874809,-1.756476406610706,-0.780798109329962,-0.14337591103434777,-0.6978048197587581,2.312835132301122,1.0,0.0,0.0,0.0,0.0,0.0,0.0,0.0,0.0,0.0,0.0,0.0,1.0,0.0,1.0,0.0,0.0,0.0,1.0,0.0,0.0,1.0,1.0,0.0,1.0,1.0,1.0,0.0,1.0,1.0,3.0,0
-1.241417416952952,-0.7209039989473295,0.9268739281223902,1.0219103681995318,0.9853973476766431,-0.6978048197587581,-0.43236977250733133,1.0,0.0,0.0,0.0,0.0,0.0,0.0,0.0,0.0,0.0,0.0,0.0,1.0,0.0,1.0,0.0,0.0,0.0,1.0,0.0,0.0,1.0,1.0,0.0,1.0,3.0,0.0,0.0,1.0,2.0,3.0,0
-0.7401299936018819,-0.6212403317833386,-0.8620262950330072,-1.682152348094709,-0.9248343209111876,-0.6978048197587581,-0.43236977250733133,0.0,0.0,0.0,1.0,0.0,0.0,0.0,0.0,0.0,0.0,0.0,0.0,0.0,1.0,1.0,0.0,0.0,0.0,1.0,0.0,0.0,1.0,1.0,0.0,1.0,2.0,4.0,2.0,0.0,2.0,2.0,0
-0.9907737052774169,-0.6234148117941893,0.9268739281223902,-0.780798109329962,-1.1853204575368008,-0.6978048197587581,-0.43236977250733133,0.0,0.0,0.0,1.0,0.0,0.0,0.0,0.0,0.0,0.0,0.0,0.0,1.0,0.0,1.0,0.0,0.0,0.0,1.0,0.0,1.0,0.0,1.0,0.0,3.0,2.0,0.0,3.0,2.0,2.0,2.0,0
-0.7401299936018819,-0.30159177018828404,0.03242381654469148,0.12055612943478493,0.030281513382727766,-0.6978048197587581,-0.43236977250733133,1.0,0.0,0.0,0.0,0.0,0.0,0.0,0.0,0.0,0.0,1.0,0.0,0.0,0.0,1.0,0.0,0.0,0.0,1.0,0.0,0.0,1.0,1.0,0.0,1.0,4.0,2.0,3.0,2.0,2.0,3.0,1
1.265019699802398,-0.29144419680431405,0.9268739281223902,1.0219103681995318,-0.9248343209111876,-0.6978048197587581,-0.43236977250733133,0.0,0.0,0.0,1.0,0.0,0.0,0.0,0.0,0.0,0.0,0.0,1.0,0.0,0.0,1.0,0.0,0.0,0.0,1.0,0.0,1.0,0.0,1.0,0.0,3.0,2.0,4.0,2.0,2.0,2.0,2.0,1
-0.4894862819263469,-0.5904351982962869,0.9268739281223902,1.0219103681995318,-0.14337591103434777,-0.6978048197587581,2.312835132301122,0.0,0.0,0.0,1.0,0.0,0.0,0.0,0.0,0.0,0.0,0.0,0.0,1.0,0.0,1.0,0.0,0.0,0.0,1.0,0.0,1.0,0.0,1.0,0.0,3.0,1.0,1.0,4.0,2.0,0.0,1.0,1
-0.7401299936018819,-0.7096691855579341,0.9268739281223902,-0.780798109329962,0.2039389377998033,1.0576790035337154,-0.43236977250733133,0.0,0.0,0.0,1.0,0.0,0.0,0.0,0.0,0.0,0.0,0.0,1.0,0.0,0.0,1.0,0.0,0.0,0.0,1.0,0.0,0.0,1.0,1.0,0.0,3.0,4.0,4.0,4.0,0.0,2.0,2.0,1
1.265019699802398,1.7714125068227273,-0.8620262950330072,1.0219103681995318,0.5512537866339543,4.568646650118662,-0.43236977250733133,1.0,0.0,0.0,0.0,0.0,0.0,0.0,0.0,0.0,0.0,0.0,0.0,1.0,0.0,1.0,0.0,0.0,0.0,1.0,0.0,0.0,1.0,1.0,0.0,1.0,3.0,1.0,4.0,2.0,1.0,3.0,0
-0.7401299936018819,-0.6766895720600318,-0.8620262950330072,-1.682152348094709,-1.1853204575368008,-0.6978048197587581,-0.43236977250733133,0.0,0.0,0.0,1.0,0.0,0.0,0.0,0.0,0.0,0.0,0.0,0.0,1.0,0.0,1.0,0.0,0.0,0.0,1.0,0.0,1.0,0.0,1.0,0.0,1.0,2.0,0.0,1.0,2.0,2.0,2.0,0
0.26244485310025806,-0.11096235590370501,0.03242381654469148,1.0219103681995318,1.3327121965107942,-0.6978048197587581,-0.43236977250733133,0.0,0.0,1.0,0.0,0.0,0.0,0.0,0.0,0.0,0.0,1.0,0.0,0.0,0.0,1.0,0.0,0.0,0.0,0.0,1.0,1.0,0.0,1.0,0.0,2.0,2.0,0.0,4.0,3.0,2.0,2.0,1
0.26244485310025806,1.52026006556947,-1.756476406610706,1.0219103681995318,0.6380824988424921,-0.6978048197587581,2.312835132301122,1.0,0.0,0.0,0.0,0.0,0.0,0.0,0.0,0.0,0.0,0.0,0.0,1.0,0.0,1.0,0.0,0.0,0.0,1.0,0.0,1.0,0.0,1.0,0.0,3.0,2.0,0.0,2.0,1.0,2.0,1.0,1
-0.23884257025081193,-0.931103733329565,0.9268739281223902,0.12055612943478493,-0.31703333545142326,1.0576790035337154,-0.43236977250733133,0.0,0.0,0.0,1.0,0.0,0.0,0.0,0.0,0.0,0.0,0.0,0.0,1.0,0.0,1.0,0.0,0.0,0.0,1.0,0.0,0.0,1.0,1.0,0.0,3.0,4.0,2.0,4.0,1.0,0.0,3.0,1
-1.241417416952952,-0.9198689199401696,-0.8620262950330072,1.0219103681995318,-1.0984917453282632,-0.6978048197587581,-0.43236977250733133,0.0,0.0,0.0,0.0,0.0,1.0,0.0,0.0,0.0,0.0,0.0,0.0,0.0,1.0,1.0,0.0,0.0,1.0,0.0,0.0,1.0,0.0,1.0,0.0,3.0,2.0,2.0,3.0,0.0,2.0,1.0,1
0.513088564775793,-0.22765944981935984,0.03242381654469148,0.12055612943478493,-1.2721491697453386,-0.6978048197587581,-0.43236977250733133,1.0,0.0,0.0,0.0,0.0,0.0,0.0,0.0,0.0,0.0,0.0,1.0,0.0,0.0,1.0,0.0,0.0,1.0,0.0,0.0,1.0,0.0,1.0,0.0,3.0,2.0,0.0,2.0,0.0,2.0,2.0,0
-0.907225801385572,-0.10770063588742894,-1.756476406610706,1.0219103681995318,-0.40386204765996103,-0.6978048197587581,-0.43236977250733133,0.0,1.0,0.0,0.0,0.0,0.0,0.0,0.0,0.0,0.0,0.0,1.0,0.0,0.0,1.0,0.0,0.0,1.0,0.0,0.0,1.0,0.0,1.0,0.0,3.0,2.0,4.0,1.0,0.0,2.0,2.0,1
0.26244485310025806,-0.2950683301557319,0.9268739281223902,1.0219103681995318,2.461485455221785,-0.6978048197587581,-0.43236977250733133,0.0,0.0,0.0,1.0,0.0,0.0,0.0,0.0,0.0,0.0,0.0,0.0,1.0,0.0,1.0,0.0,0.0,1.0,0.0,0.0,1.0,0.0,1.0,0.0,0.0,2.0,0.0,4.0,0.0,0.0,1.0,1
-1.241417416952952,-0.9452378534000946,0.03242381654469148,0.12055612943478493,-0.8380056087026498,-0.6978048197587581,-0.43236977250733133,0.0,0.0,0.0,1.0,0.0,0.0,0.0,0.0,0.0,0.0,0.0,0.0,0.0,1.0,1.0,0.0,0.0,0.0,1.0,0.0,1.0,0.0,0.0,1.0,1.0,2.0,0.0,1.0,0.0,2.0,1.0,1
-0.7401299936018819,-0.8858020664368418,0.9268739281223902,1.0219103681995318,0.2039389377998033,1.0576790035337154,-0.43236977250733133,0.0,0.0,0.0,0.0,0.0,0.0,0.0,1.0,0.0,0.0,0.0,0.0,1.0,0.0,1.0,0.0,0.0,0.0,1.0,0.0,1.0,0.0,1.0,0.0,1.0,2.0,4.0,4.0,1.0,2.0,2.0,1
-0.23884257025081193,-0.6034820783613911,0.9268739281223902,-1.682152348094709,0.6380824988424921,-0.6978048197587581,2.312835132301122,0.0,0.0,1.0,0.0,0.0,0.0,0.0,0.0,0.0,0.0,0.0,0.0,0.0,1.0,0.0,1.0,0.0,0.0,1.0,0.0,1.0,0.0,1.0,0.0,3.0,2.0,0.0,1.0,1.0,2.0,1.0,0
1.265019699802398,2.0834503883798043,0.03242381654469148,-0.780798109329962,-0.40386204765996103,-0.6978048197587581,2.312835132301122,0.0,1.0,0.0,0.0,0.0,0.0,0.0,0.0,0.0,0.0,0.0,0.0,1.0,0.0,1.0,0.0,0.0,0.0,1.0,0.0,0.0,1.0,1.0,0.0,3.0,3.0,4.0,3.0,2.0,1.0,3.0,1
-1.241417416952952,-0.679588878741166,-0.8620262950330072,1.0219103681995318,-0.6643481842855743,1.0576790035337154,2.312835132301122,1.0,0.0,0.0,0.0,0.0,0.0,0.0,0.0,0.0,0.0,1.0,0.0,0.0,0.0,1.0,0.0,0.0,0.0,1.0,0.0,0.0,1.0,1.0,0.0,2.0,4.0,1.0,4.0,2.0,2.0,2.0,1
-0.907225801385572,-0.89558722648567,0.9268739281223902,1.0219103681995318,0.8985686354681054,-0.6978048197587581,-0.43236977250733133,0.0,0.0,0.0,0.0,0.0,0.0,1.0,0.0,0.0,0.0,0.0,0.0,1.0,0.0,1.0,0.0,0.0,0.0,0.0,1.0,0.0,1.0,1.0,0.0,3.0,2.0,2.0,4.0,3.0,2.0,2.0,1
-0.7401299936018819,0.596106060957918,0.03242381654469148,1.0219103681995318,0.6380824988424921,1.0576790035337154,-0.43236977250733133,1.0,0.0,0.0,0.0,0.0,0.0,0.0,0.0,0.0,0.0,0.0,0.0,1.0,0.0,0.0,1.0,0.0,1.0,0.0,0.0,0.0,1.0,1.0,0.0,0.0,4.0,0.0,4.0,1.0,2.0,2.0,0
-0.4894862819263469,0.5163751272267252,0.03242381654469148,-0.780798109329962,0.3775963622168788,-0.6978048197587581,-0.43236977250733133,0.0,0.0,0.0,0.0,0.0,0.0,1.0,0.0,0.0,0.0,0.0,0.0,1.0,0.0,1.0,0.0,0.0,0.0,1.0,0.0,0.0,1.0,1.0,0.0,3.0,2.0,1.0,2.0,1.0,2.0,3.0,0
0.011801141424723058,-0.5621669581552275,0.9268739281223902,-0.780798109329962,0.3775963622168788,1.0576790035337154,2.312835132301122,1.0,0.0,0.0,0.0,0.0,0.0,0.0,0.0,0.0,0.0,0.0,0.0,1.0,0.0,1.0,0.0,0.0,0.0,1.0,0.0,1.0,0.0,1.0,0.0,0.0,1.0,4.0,2.0,1.0,0.0,1.0,0
-0.8236778974937269,0.2561623525949234,-0.8620262950330072,-0.780798109329962,0.030281513382727766,1.0576790035337154,2.312835132301122,1.0,0.0,0.0,0.0,0.0,0.0,0.0,0.0,0.0,0.0,0.0,0.0,1.0,0.0,1.0,0.0,0.0,1.0,0.0,0.0,1.0,0.0,1.0,0.0,0.0,4.0,0.0,2.0,0.0,2.0,2.0,1
0.011801141424723058,-0.224035316467942,0.9268739281223902,-0.780798109329962,0.4644250744254166,-0.6978048197587581,2.312835132301122,0.0,0.0,0.0,0.0,0.0,0.0,0.0,0.0,1.0,0.0,0.0,0.0,1.0,0.0,1.0,0.0,0.0,0.0,1.0,0.0,1.0,0.0,1.0,0.0,3.0,3.0,2.0,1.0,0.0,0.0,1.0,0
0.26244485310025806,-0.5273752779816162,0.9268739281223902,-0.780798109329962,1.072226059885181,1.0576790035337154,-0.43236977250733133,0.0,0.0,0.0,1.0,0.0,0.0,0.0,0.0,0.0,0.0,0.0,0.0,1.0,0.0,1.0,0.0,0.0,0.0,1.0,0.0,1.0,0.0,1.0,0.0,1.0,4.0,0.0,4.0,1.0,2.0,1.0,1
1.265019699802398,-0.12183475595795856,0.9268739281223902,0.12055612943478493,-0.4906907598684988,-0.6978048197587581,-0.43236977250733133,1.0,0.0,0.0,0.0,0.0,0.0,0.0,0.0,0.0,0.0,0.0,0.0,1.0,0.0,1.0,0.0,0.0,0.0,0.0,1.0,1.0,0.0,1.0,0.0,1.0,3.0,1.0,4.0,3.0,2.0,2.0,1
0.26244485310025806,-0.5987707050045479,0.9268739281223902,1.0219103681995318,-1.0116630331197254,-0.6978048197587581,-0.43236977250733133,0.0,0.0,0.0,1.0,0.0,0.0,0.0,0.0,0.0,0.0,0.0,0.0,1.0,0.0,0.0,0.0,1.0,1.0,0.0,0.0,1.0,0.0,1.0,0.0,0.0,1.0,0.0,3.0,2.0,0.0,1.0,0
-1.241417416952952,-0.7165550389256281,-1.756476406610706,-0.780798109329962,-0.7511768964941121,1.0576790035337154,-0.43236977250733133,0.0,0.0,1.0,0.0,0.0,0.0,0.0,0.0,0.0,0.0,0.0,0.0,0.0,1.0,1.0,0.0,0.0,0.0,1.0,0.0,1.0,0.0,1.0,0.0,3.0,4.0,4.0,2.0,1.0,2.0,2.0,1
0.513088564775793,-0.24288080989531483,0.9268739281223902,-1.682152348094709,-0.31703333545142326,-0.6978048197587581,2.312835132301122,0.0,0.0,0.0,0.0,0.0,0.0,0.0,0.0,1.0,0.0,0.0,1.0,0.0,0.0,1.0,0.0,0.0,0.0,1.0,0.0,0.0,1.0,1.0,0.0,1.0,2.0,0.0,1.0,1.0,2.0,2.0,1
-1.241417416952952,-0.6016700116856822,-1.756476406610706,-0.780798109329962,1.766855757553483,-0.6978048197587581,-0.43236977250733133,0.0,0.0,0.0,0.0,0.0,0.0,1.0,0.0,0.0,0.0,0.0,1.0,0.0,0.0,1.0,0.0,0.0,0.0,1.0,0.0,1.0,0.0,1.0,0.0,3.0,2.0,0.0,1.0,3.0,2.0,2.0,1
-0.23884257025081193,-0.5962338116585554,0.9268739281223902,0.12055612943478493,0.7249112110510298,-0.6978048197587581,-0.43236977250733133,0.0,0.0,1.0,0.0,0.0,0.0,0.0,0.0,0.0,0.0,0.0,0.0,1.0,0.0,1.0,0.0,0.0,0.0,1.0,0.0,1.0,0.0,1.0,0.0,0.0,1.0,0.0,2.0,2.0,0.0,2.0,0
-0.4894862819263469,-0.31608830359395546,-0.8620262950330072,1.0219103681995318,-0.7511768964941121,-0.6978048197587581,-0.43236977250733133,0.0,0.0,0.0,0.0,0.0,0.0,0.0,0.0,1.0,0.0,0.0,0.0,1.0,0.0,1.0,0.0,0.0,0.0,1.0,0.0,1.0,0.0,1.0,0.0,1.0,4.0,2.0,2.0,2.0,0.0,2.0,1
-0.7401299936018819,-0.38023546391405144,0.9268739281223902,-1.682152348094709,-0.5775194720770366,-0.6978048197587581,-0.43236977250733133,0.0,0.0,0.0,1.0,0.0,0.0,0.0,0.0,0.0,0.0,1.0,0.0,0.0,0.0,1.0,0.0,0.0,0.0,0.0,1.0,1.0,0.0,1.0,0.0,0.0,1.0,0.0,2.0,3.0,2.0,2.0,0
-0.23884257025081193,-0.7180046922661952,0.9268739281223902,0.12055612943478493,0.9853973476766431,-0.6978048197587581,-0.43236977250733133,0.0,0.0,0.0,0.0,1.0,0.0,0.0,0.0,0.0,0.0,0.0,0.0,0.0,1.0,1.0,0.0,0.0,0.0,1.0,0.0,0.0,1.0,1.0,0.0,0.0,2.0,0.0,2.0,0.0,2.0,1.0,0
1.265019699802398,-0.49983186451084055,0.9268739281223902,1.0219103681995318,0.11711022559126552,-0.6978048197587581,-0.43236977250733133,0.0,0.0,0.0,0.0,0.0,0.0,1.0,0.0,0.0,0.0,0.0,0.0,1.0,0.0,1.0,0.0,0.0,0.0,0.0,1.0,0.0,1.0,1.0,0.0,3.0,2.0,0.0,2.0,3.0,1.0,2.0,0
0.011801141424723058,-0.26172630332268765,0.9268739281223902,1.0219103681995318,0.8985686354681054,-0.6978048197587581,-0.43236977250733133,0.0,1.0,0.0,0.0,0.0,0.0,0.0,0.0,0.0,0.0,0.0,0.0,1.0,0.0,1.0,0.0,0.0,0.0,1.0,0.0,0.0,1.0,1.0,0.0,3.0,2.0,4.0,4.0,0.0,2.0,3.0,1
-0.7401299936018819,-0.8778289730637225,0.9268739281223902,-0.780798109329962,-0.6643481842855743,-0.6978048197587581,-0.43236977250733133,0.0,0.0,0.0,1.0,0.0,0.0,0.0,0.0,0.0,0.0,0.0,0.0,0.0,1.0,1.0,0.0,0.0,0.0,1.0,0.0,1.0,0.0,1.0,0.0,3.0,2.0,0.0,2.0,0.0,2.0,2.0,1
-0.8236778974937269,0.5700123008277094,-0.8620262950330072,1.0219103681995318,1.3327121965107942,-0.6978048197587581,-0.43236977250733133,0.0,0.0,0.0,1.0,0.0,0.0,0.0,0.0,0.0,0.0,0.0,0.0,1.0,0.0,1.0,0.0,0.0,0.0,1.0,0.0,1.0,0.0,1.0,0.0,1.0,3.0,0.0,3.0,1.0,2.0,2.0,1
0.26244485310025806,-0.8194804261058951,0.9268739281223902,0.12055612943478493,-0.7511768964941121,1.0576790035337154,-0.43236977250733133,0.0,0.0,0.0,0.0,0.0,0.0,0.0,1.0,0.0,0.0,0.0,0.0,0.0,1.0,1.0,0.0,0.0,0.0,1.0,0.0,1.0,0.0,1.0,0.0,3.0,2.0,0.0,1.0,2.0,2.0,1.0,1
-0.4894862819263469,-0.06131172898928043,-0.8620262950330072,-0.780798109329962,-0.23020462324288551,-0.6978048197587581,-0.43236977250733133,0.0,1.0,0.0,0.0,0.0,0.0,0.0,0.0,0.0,0.0,0.0,0.0,1.0,0.0,1.0,0.0,0.0,0.0,1.0,0.0,1.0,0.0,1.0,0.0,3.0,2.0,0.0,3.0,2.0,2.0,2.0,1
-0.4894862819263469,-0.6303006651618832,0.9268739281223902,-0.780798109329962,0.6380824988424921,-0.6978048197587581,-0.43236977250733133,0.0,0.0,0.0,1.0,0.0,0.0,0.0,0.0,0.0,0.0,0.0,1.0,0.0,0.0,1.0,0.0,0.0,0.0,1.0,0.0,1.0,0.0,1.0,0.0,3.0,4.0,0.0,2.0,2.0,2.0,1.0,1
0.763732276451328,-0.2870952367826126,0.9268739281223902,1.0219103681995318,-1.0984917453282632,-0.6978048197587581,-0.43236977250733133,0.0,0.0,1.0,0.0,0.0,0.0,0.0,0.0,0.0,0.0,0.0,1.0,0.0,0.0,1.0,0.0,0.0,1.0,0.0,0.0,1.0,0.0,1.0,0.0,0.0,2.0,0.0,3.0,0.0,2.0,2.0,0
0.26244485310025806,0.012983004714785534,0.9268739281223902,1.0219103681995318,-1.0984917453282632,-0.6978048197587581,-0.43236977250733133,0.0,0.0,1.0,0.0,0.0,0.0,0.0,0.0,0.0,0.0,0.0,1.0,0.0,0.0,1.0,0.0,0.0,1.0,0.0,0.0,0.0,1.0,1.0,0.0,0.0,2.0,0.0,1.0,0.0,2.0,1.0,0
1.265019699802398,-0.4914963578025795,0.9268739281223902,1.0219103681995318,-0.14337591103434777,-0.6978048197587581,-0.43236977250733133,1.0,0.0,0.0,0.0,0.0,0.0,0.0,0.0,0.0,0.0,0.0,1.0,0.0,0.0,1.0,0.0,0.0,0.0,1.0,0.0,0.0,1.0,1.0,0.0,0.0,2.0,0.0,1.0,2.0,2.0,2.0,0
0.26244485310025806,-0.2805717967500605,0.9268739281223902,1.0219103681995318,1.5063696209278696,1.0576790035337154,-0.43236977250733133,0.0,0.0,0.0,1.0,0.0,0.0,0.0,0.0,0.0,0.0,0.0,0.0,1.0,0.0,1.0,0.0,0.0,0.0,1.0,0.0,1.0,0.0,1.0,0.0,3.0,4.0,4.0,4.0,1.0,2.0,2.0,1
-0.23884257025081193,0.016607138066203387,-1.756476406610706,1.0219103681995318,-0.23020462324288551,1.0576790035337154,-0.43236977250733133,0.0,0.0,1.0,0.0,0.0,0.0,0.0,0.0,0.0,0.0,0.0,1.0,0.0,0.0,1.0,0.0,0.0,0.0,1.0,0.0,0.0,1.0,1.0,0.0,1.0,0.0,0.0,2.0,2.0,0.0,2.0,1
-0.7401299936018819,-1.0108346670607578,0.03242381654469148,0.12055612943478493,0.5512537866339543,1.0576790035337154,-0.43236977250733133,0.0,0.0,0.0,1.0,0.0,0.0,0.0,0.0,0.0,0.0,0.0,1.0,0.0,0.0,1.0,0.0,0.0,1.0,0.0,0.0,1.0,0.0,1.0,0.0,2.0,1.0,3.0,2.0,0.0,2.0,2.0,1
-1.241417416952952,-0.7248905456338891,0.9268739281223902,1.0219103681995318,-0.05654719882581,-0.6978048197587581,-0.43236977250733133,0.0,0.0,0.0,0.0,0.0,0.0,1.0,0.0,0.0,0.0,0.0,1.0,0.0,0.0,1.0,0.0,0.0,0.0,0.0,1.0,1.0,0.0,1.0,0.0,0.0,1.0,0.0,4.0,3.0,2.0,2.0,0
-0.40593837803450195,-0.7332260523421502,-0.8620262950330072,0.12055612943478493,2.808800304055936,2.8131628268261886,-0.43236977250733133,1.0,0.0,0.0,0.0,0.0,0.0,0.0,0.0,0.0,0.0,0.0,0.0,1.0,0.0,1.0,0.0,0.0,0.0,0.0,1.0,0.0,1.0,1.0,0.0,1.0,4.0,0.0,0.0,2.0,2.0,0.0,1
0.26244485310025806,-0.48823463778630344,0.9268739281223902,-0.780798109329962,-0.23020462324288551,1.0576790035337154,-0.43236977250733133,0.0,0.0,0.0,1.0,0.0,0.0,0.0,0.0,0.0,0.0,0.0,0.0,0.0,1.0,0.0,0.0,1.0,0.0,1.0,0.0,0.0,1.0,1.0,0.0,3.0,4.0,0.0,3.0,2.0,2.0,2.0,1
1.014375988126863,0.39242976660823464,-1.756476406610706,1.0219103681995318,-1.0984917453282632,1.0576790035337154,-0.43236977250733133,0.0,0.0,1.0,0.0,0.0,0.0,0.0,0.0,0.0,0.0,0.0,1.0,0.0,0.0,1.0,0.0,0.0,0.0,1.0,0.0,1.0,0.0,1.0,0.0,0.0,4.0,2.0,2.0,2.0,2.0,2.0,0
-1.324965320844797,0.09053945843512758,-1.756476406610706,1.0219103681995318,3.3297725773071627,-0.6978048197587581,-0.43236977250733133,0.0,0.0,0.0,0.0,0.0,0.0,0.0,0.0,1.0,0.0,0.0,0.0,1.0,0.0,1.0,0.0,0.0,0.0,1.0,0.0,1.0,0.0,1.0,0.0,3.0,2.0,0.0,3.0,0.0,2.0,1.0,1
-0.907225801385572,-0.5802876249123169,0.03242381654469148,-0.780798109329962,0.3775963622168788,-0.6978048197587581,2.312835132301122,1.0,0.0,0.0,0.0,0.0,0.0,0.0,0.0,0.0,0.0,0.0,0.0,1.0,0.0,1.0,0.0,0.0,1.0,0.0,0.0,1.0,0.0,0.0,1.0,3.0,2.0,2.0,2.0,3.0,2.0,1.0,1
-1.074321609169262,-0.7107564255633595,0.03242381654469148,1.0219103681995318,-1.0116630331197254,-0.6978048197587581,-0.43236977250733133,0.0,0.0,1.0,0.0,0.0,0.0,0.0,0.0,0.0,0.0,0.0,1.0,0.0,0.0,1.0,0.0,0.0,0.0,1.0,0.0,1.0,0.0,1.0,0.0,1.0,2.0,0.0,2.0,0.0,2.0,2.0,0
-0.7401299936018819,-0.3900206239628796,0.03242381654469148,-0.780798109329962,0.29076765000834104,1.0576790035337154,2.312835132301122,1.0,0.0,0.0,0.0,0.0,0.0,0.0,0.0,0.0,0.0,0.0,0.0,1.0,0.0,1.0,0.0,0.0,1.0,0.0,0.0,1.0,0.0,0.0,1.0,0.0,4.0,0.0,2.0,0.0,2.0,1.0,1
-0.7401299936018819,-0.89558722648567,0.9268739281223902,0.12055612943478493,-0.23020462324288551,-0.6978048197587581,-0.43236977250733133,0.0,0.0,0.0,1.0,0.0,0.0,0.0,0.0,0.0,0.0,0.0,0.0,0.0,1.0,1.0,0.0,0.0,0.0,1.0,0.0,0.0,1.0,1.0,0.0,0.0,2.0,1.0,1.0,3.0,2.0,1.0,0
0.26244485310025806,-0.8992113598370879,0.9268739281223902,1.0219103681995318,1.5931983331364075,1.0576790035337154,-0.43236977250733133,1.0,0.0,0.0,0.0,0.0,0.0,0.0,0.0,0.0,0.0,0.0,0.0,0.0,1.0,1.0,0.0,0.0,0.0,1.0,0.0,0.0,1.0,1.0,0.0,3.0,3.0,4.0,4.0,2.0,2.0,2.0,1
-0.8236778974937269,-0.7408367323801277,0.9268739281223902,1.0219103681995318,1.8536844697620207,2.8131628268261886,-0.43236977250733133,0.0,0.0,0.0,1.0,0.0,0.0,0.0,0.0,0.0,0.0,0.0,1.0,0.0,0.0,1.0,0.0,0.0,0.0,1.0,0.0,1.0,0.0,1.0,0.0,3.0,4.0,1.0,0.0,0.0,2.0,1.0,1
0.011801141424723058,3.4363393684640884,0.9268739281223902,1.0219103681995318,-0.4906907598684988,-0.6978048197587581,-0.43236977250733133,1.0,0.0,0.0,0.0,0.0,0.0,0.0,0.0,0.0,0.0,0.0,0.0,1.0,0.0,1.0,0.0,0.0,0.0,0.0,1.0,0.0,1.0,1.0,0.0,3.0,4.0,4.0,4.0,3.0,2.0,3.0,0
0.26244485310025806,-0.5846365849340183,0.9268739281223902,0.12055612943478493,0.3775963622168788,1.0576790035337154,-0.43236977250733133,0.0,0.0,1.0,0.0,0.0,0.0,0.0,0.0,0.0,0.0,0.0,0.0,1.0,0.0,1.0,0.0,0.0,0.0,1.0,0.0,1.0,0.0,1.0,0.0,3.0,4.0,0.0,3.0,1.0,2.0,2.0,1
-1.074321609169262,-0.7372125990287098,0.03242381654469148,1.0219103681995318,1.3327121965107942,1.0576790035337154,2.312835132301122,0.0,0.0,0.0,0.0,0.0,0.0,0.0,0.0,0.0,1.0,0.0,0.0,1.0,0.0,1.0,0.0,0.0,0.0,0.0,1.0,0.0,1.0,1.0,0.0,0.0,4.0,0.0,4.0,3.0,0.0,3.0,1
0.763732276451328,3.189173473897391,-1.756476406610706,-1.682152348094709,-0.14337591103434777,-0.6978048197587581,-0.43236977250733133,0.0,0.0,0.0,0.0,0.0,1.0,0.0,0.0,0.0,0.0,1.0,0.0,0.0,0.0,1.0,0.0,0.0,0.0,1.0,0.0,0.0,1.0,1.0,0.0,0.0,2.0,0.0,1.0,3.0,0.0,1.0,0
-0.23884257025081193,-0.6364616918592936,0.9268739281223902,1.0219103681995318,-0.31703333545142326,1.0576790035337154,2.312835132301122,1.0,0.0,0.0,0.0,0.0,0.0,0.0,0.0,0.0,0.0,0.0,0.0,1.0,0.0,1.0,0.0,0.0,0.0,0.0,1.0,1.0,0.0,1.0,0.0,0.0,1.0,0.0,3.0,3.0,0.0,1.0,0
-1.241417416952952,-0.8216549061167459,-1.756476406610706,-1.682152348094709,-0.31703333545142326,-0.6978048197587581,-0.43236977250733133,1.0,0.0,0.0,0.0,0.0,0.0,0.0,0.0,0.0,0.0,0.0,1.0,0.0,0.0,1.0,0.0,0.0,0.0,1.0,0.0,1.0,0.0,1.0,0.0,1.0,1.0,1.0,1.0,1.0,1.0,1.0,0
-0.7401299936018819,0.0481370982235387,-0.8620262950330072,1.0219103681995318,0.5512537866339543,-0.6978048197587581,-0.43236977250733133,0.0,0.0,1.0,0.0,0.0,0.0,0.0,0.0,0.0,0.0,0.0,0.0,1.0,0.0,1.0,0.0,0.0,0.0,1.0,0.0,1.0,0.0,1.0,0.0,3.0,4.0,0.0,4.0,1.0,1.0,2.0,1
1.265019699802398,-0.35269205044327573,0.9268739281223902,1.0219103681995318,1.8536844697620207,1.0576790035337154,-0.43236977250733133,1.0,0.0,0.0,0.0,0.0,0.0,0.0,0.0,0.0,0.0,0.0,0.0,1.0,0.0,1.0,0.0,0.0,0.0,0.0,1.0,0.0,1.0,1.0,0.0,1.0,3.0,0.0,4.0,3.0,0.0,2.0,0
0.26244485310025806,0.5573278340977469,-0.8620262950330072,1.0219103681995318,-0.9248343209111876,-0.6978048197587581,-0.43236977250733133,0.0,0.0,1.0,0.0,0.0,0.0,0.0,0.0,0.0,0.0,0.0,1.0,0.0,0.0,1.0,0.0,0.0,0.0,1.0,0.0,1.0,0.0,1.0,0.0,1.0,4.0,0.0,1.0,2.0,0.0,1.0,0
-0.4894862819263469,-0.8423124662198276,0.9268739281223902,-1.682152348094709,-1.0116630331197254,-0.6978048197587581,-0.43236977250733133,0.0,0.0,0.0,0.0,1.0,0.0,0.0,0.0,0.0,0.0,0.0,1.0,0.0,0.0,1.0,0.0,0.0,0.0,1.0,0.0,1.0,0.0,1.0,0.0,3.0,2.0,4.0,1.0,0.0,2.0,2.0,1
0.26244485310025806,0.24094099251896844,-1.756476406610706,-0.780798109329962,-0.31703333545142326,-0.6978048197587581,-0.43236977250733133,0.0,0.0,0.0,0.0,0.0,0.0,0.0,0.0,1.0,0.0,0.0,0.0,1.0,0.0,1.0,0.0,0.0,0.0,0.0,1.0,1.0,0.0,1.0,0.0,3.0,3.0,0.0,2.0,3.0,2.0,2.0,1
-0.7401299936018819,-0.9086341065507743,0.9268739281223902,0.12055612943478493,-0.05654719882581,1.0576790035337154,-0.43236977250733133,1.0,0.0,0.0,0.0,0.0,0.0,0.0,0.0,0.0,0.0,0.0,0.0,1.0,0.0,1.0,0.0,0.0,0.0,1.0,0.0,1.0,0.0,1.0,0.0,0.0,4.0,0.0,4.0,1.0,2.0,2.0,0
1.265019699802398,-0.19105570297003954,0.9268739281223902,1.0219103681995318,1.2458834843022564,-0.6978048197587581,-0.43236977250733133,0.0,0.0,0.0,1.0,0.0,0.0,0.0,0.0,0.0,0.0,0.0,1.0,0.0,0.0,0.0,1.0,0.0,0.0,0.0,1.0,1.0,0.0,1.0,0.0,1.0,2.0,1.0,2.0,3.0,2.0,2.0,0
0.513088564775793,0.7218634882521174,0.9268739281223902,1.0219103681995318,1.072226059885181,4.568646650118662,2.312835132301122,0.0,0.0,0.0,0.0,0.0,1.0,0.0,0.0,0.0,0.0,0.0,0.0,1.0,0.0,1.0,0.0,0.0,0.0,1.0,0.0,0.0,1.0,1.0,0.0,3.0,2.0,4.0,4.0,1.0,2.0,2.0,1
2.267594546504538,2.8133508453553597,-1.756476406610706,-0.780798109329962,-0.7511768964941121,1.0576790035337154,-0.43236977250733133,0.0,0.0,0.0,1.0,0.0,0.0,0.0,0.0,0.0,0.0,0.0,0.0,1.0,0.0,0.0,1.0,0.0,0.0,1.0,0.0,0.0,1.0,1.0,0.0,1.0,2.0,3.0,3.0,3.0,0.0,2.0,0
0.26244485310025806,-0.06421103567041471,-0.8620262950330072,-0.780798109329962,-1.0116630331197254,-0.6978048197587581,-0.43236977250733133,0.0,0.0,1.0,0.0,0.0,0.0,0.0,0.0,0.0,0.0,1.0,0.0,0.0,0.0,1.0,0.0,0.0,1.0,0.0,0.0,1.0,0.0,1.0,0.0,0.0,2.0,0.0,2.0,0.0,2.0,1.0,1
1.265019699802398,2.782183298533166,-0.8620262950330072,-0.780798109329962,0.8117399232595676,1.0576790035337154,2.312835132301122,1.0,0.0,0.0,0.0,0.0,0.0,0.0,0.0,0.0,0.0,0.0,0.0,1.0,0.0,1.0,0.0,0.0,0.0,1.0,0.0,0.0,1.0,1.0,0.0,3.0,3.0,0.0,4.0,2.0,2.0,2.0,1
-0.656582089710037,-0.5078049578839599,0.03242381654469148,-1.682152348094709,-0.6643481842855743,1.0576790035337154,-0.43236977250733133,0.0,0.0,0.0,0.0,0.0,0.0,0.0,0.0,1.0,0.0,0.0,0.0,1.0,0.0,1.0,0.0,0.0,0.0,1.0,0.0,1.0,0.0,1.0,0.0,0.0,4.0,0.0,1.0,1.0,0.0,1.0,1
-1.241417416952952,0.11590839189505253,-0.8620262950330072,0.12055612943478493,-0.8380056087026498,-0.6978048197587581,-0.43236977250733133,1.0,0.0,0.0,0.0,0.0,0.0,0.0,0.0,0.0,0.0,0.0,0.0,1.0,0.0,0.0,0.0,1.0,1.0,0.0,0.0,1.0,0.0,1.0,0.0,3.0,2.0,0.0,2.0,1.0,2.0,2.0,1
1.265019699802398,2.3077842428325694,-0.8620262950330072,-0.780798109329962,-0.40386204765996103,1.0576790035337154,-0.43236977250733133,0.0,0.0,0.0,1.0,0.0,0.0,0.0,0.0,0.0,0.0,0.0,1.0,0.0,0.0,1.0,0.0,0.0,0.0,1.0,0.0,1.0,0.0,1.0,0.0,3.0,4.0,0.0,2.0,2.0,1.0,2.0,1
1.599211315369778,1.01469346304668,0.9268739281223902,0.12055612943478493,-0.7511768964941121,-0.6978048197587581,-0.43236977250733133,0.0,0.0,0.0,0.0,0.0,0.0,1.0,0.0,0.0,0.0,0.0,0.0,1.0,0.0,1.0,0.0,0.0,0.0,1.0,0.0,0.0,1.0,1.0,0.0,0.0,4.0,0.0,2.0,3.0,0.0,2.0,0
1.014375988126863,-0.15735126280185352,-0.8620262950330072,-0.780798109329962,-0.8380056087026498,1.0576790035337154,-0.43236977250733133,0.0,0.0,0.0,0.0,0.0,0.0,0.0,0.0,1.0,0.0,0.0,1.0,0.0,0.0,1.0,0.0,0.0,0.0,1.0,0.0,0.0,1.0,1.0,0.0,3.0,3.0,0.0,2.0,2.0,2.0,2.0,1
0.26244485310025806,-0.15880091614242065,0.9268739281223902,1.0219103681995318,0.030281513382727766,-0.6978048197587581,-0.43236977250733133,0.0,1.0,0.0,0.0,0.0,0.0,0.0,0.0,0.0,0.0,0.0,0.0,1.0,0.0,1.0,0.0,0.0,0.0,0.0,1.0,0.0,1.0,1.0,0.0,1.0,2.0,4.0,4.0,3.0,0.0,2.0,1
-0.4894862819263469,-0.8684062263500361,0.9268739281223902,0.12055612943478493,0.11711022559126552,-0.6978048197587581,2.312835132301122,0.0,0.0,0.0,1.0,0.0,0.0,0.0,0.0,0.0,0.0,0.0,0.0,1.0,0.0,1.0,0.0,0.0,0.0,1.0,0.0,1.0,0.0,1.0,0.0,1.0,2.0,0.0,4.0,2.0,2.0,2.0,0
-1.241417416952952,-0.5190397712733552,-1.756476406610706,-0.780798109329962,-1.2721491697453386,-0.6978048197587581,-0.43236977250733133,0.0,0.0,1.0,0.0,0.0,0.0,0.0,0.0,0.0,0.0,0.0,0.0,0.0,1.0,1.0,0.0,0.0,1.0,0.0,0.0,1.0,0.0,1.0,0.0,3.0,2.0,0.0,2.0,1.0,2.0,2.0,1
-1.241417416952952,-0.5273752779816162,-1.756476406610706,-0.780798109329962,-0.14337591103434777,1.0576790035337154,-0.43236977250733133,0.0,0.0,0.0,0.0,0.0,0.0,0.0,0.0,1.0,0.0,0.0,0.0,1.0,0.0,1.0,0.0,0.0,0.0,1.0,0.0,1.0,0.0,1.0,0.0,3.0,3.0,1.0,2.0,0.0,2.0,1.0,1
-0.907225801385572,-0.34689343708100717,-1.756476406610706,0.12055612943478493,1.072226059885181,1.0576790035337154,2.312835132301122,1.0,0.0,0.0,0.0,0.0,0.0,0.0,0.0,0.0,0.0,0.0,0.0,1.0,0.0,1.0,0.0,0.0,1.0,0.0,0.0,1.0,0.0,0.0,1.0,0.0,4.0,0.0,1.0,0.0,2.0,1.0,1
-0.7401299936018819,-0.7016960921848149,0.03242381654469148,-0.780798109329962,-0.9248343209111876,-0.6978048197587581,-0.43236977250733133,0.0,0.0,0.0,1.0,0.0,0.0,0.0,0.0,0.0,0.0,0.0,0.0,1.0,0.0,1.0,0.0,0.0,0.0,1.0,0.0,1.0,0.0,1.0,0.0,3.0,2.0,0.0,2.0,2.0,2.0,2.0,1
1.265019699802398,0.23079341913499846,-0.8620262950330072,1.0219103681995318,0.8117399232595676,-0.6978048197587581,-0.43236977250733133,0.0,0.0,0.0,1.0,0.0,0.0,0.0,0.0,0.0,0.0,0.0,1.0,0.0,0.0,1.0,0.0,0.0,0.0,1.0,0.0,0.0,1.0,1.0,0.0,3.0,2.0,4.0,4.0,0.0,2.0,1.0,1
0.011801141424723058,0.14526387204153712,-1.756476406610706,1.0219103681995318,-0.8380056087026498,-0.6978048197587581,-0.43236977250733133,0.0,0.0,1.0,0.0,0.0,0.0,0.0,0.0,0.0,0.0,0.0,1.0,0.0,0.0,1.0,0.0,0.0,1.0,0.0,0.0,1.0,0.0,1.0,0.0,0.0,2.0,0.0,3.0,2.0,2.0,1.0,1
-0.4894862819263469,-0.6567568386272336,0.9268739281223902,-0.780798109329962,0.3775963622168788,-0.6978048197587581,-0.43236977250733133,0.0,0.0,0.0,1.0,0.0,0.0,0.0,0.0,0.0,0.0,0.0,0.0,0.0,1.0,1.0,0.0,0.0,1.0,0.0,0.0,0.0,1.0,1.0,0.0,3.0,2.0,4.0,2.0,0.0,2.0,2.0,1
-0.4894862819263469,-0.602032425020824,0.9268739281223902,1.0219103681995318,1.2458834843022564,1.0576790035337154,-0.43236977250733133,0.0,0.0,0.0,1.0,0.0,0.0,0.0,0.0,0.0,0.0,0.0,0.0,1.0,0.0,0.0,0.0,1.0,0.0,1.0,0.0,0.0,1.0,1.0,0.0,1.0,4.0,4.0,4.0,0.0,2.0,2.0,1
1.265019699802398,-0.38168511725461857,-0.8620262950330072,-1.682152348094709,-1.0116630331197254,1.0576790035337154,-0.43236977250733133,0.0,0.0,0.0,0.0,0.0,0.0,0.0,0.0,1.0,0.0,0.0,0.0,1.0,0.0,1.0,0.0,0.0,0.0,1.0,0.0,0.0,1.0,1.0,0.0,0.0,3.0,0.0,3.0,2.0,2.0,2.0,0
-0.9907737052774169,-0.2504914899332923,-0.8620262950330072,1.0219103681995318,1.3327121965107942,-0.6978048197587581,-0.43236977250733133,1.0,0.0,0.0,0.0,0.0,0.0,0.0,0.0,0.0,0.0,0.0,0.0,1.0,0.0,1.0,0.0,0.0,0.0,0.0,1.0,1.0,0.0,1.0,0.0,3.0,2.0,2.0,4.0,3.0,2.0,1.0,1
0.26244485310025806,-0.5578179981335262,0.9268739281223902,-0.780798109329962,-0.5775194720770366,-0.6978048197587581,-0.43236977250733133,0.0,0.0,0.0,1.0,0.0,0.0,0.0,0.0,0.0,0.0,0.0,1.0,0.0,0.0,1.0,0.0,0.0,1.0,0.0,0.0,0.0,1.0,1.0,0.0,0.0,3.0,0.0,1.0,2.0,2.0,1.0,0
3.270169393206678,1.4854683853958588,0.9268739281223902,1.0219103681995318,0.030281513382727766,-0.6978048197587581,-0.43236977250733133,0.0,0.0,0.0,0.0,0.0,0.0,0.0,0.0,1.0,0.0,0.0,0.0,1.0,0.0,0.0,1.0,0.0,1.0,0.0,0.0,1.0,0.0,1.0,0.0,0.0,2.0,0.0,4.0,3.0,2.0,2.0,0
-0.23884257025081193,0.08111671172144115,0.9268739281223902,1.0219103681995318,0.9853973476766431,2.8131628268261886,2.312835132301122,0.0,0.0,1.0,0.0,0.0,0.0,0.0,0.0,0.0,0.0,0.0,0.0,1.0,0.0,1.0,0.0,0.0,0.0,1.0,0.0,0.0,1.0,1.0,0.0,3.0,2.0,0.0,4.0,1.0,0.0,2.0,1
-0.907225801385572,-0.35812825047040253,-0.8620262950330072,-0.780798109329962,-0.9248343209111876,-0.6978048197587581,-0.43236977250733133,0.0,0.0,1.0,0.0,0.0,0.0,0.0,0.0,0.0,0.0,0.0,0.0,1.0,0.0,1.0,0.0,0.0,1.0,0.0,0.0,1.0,0.0,1.0,0.0,3.0,2.0,0.0,2.0,0.0,2.0,1.0,0
0.763732276451328,-0.1330695693473539,0.9268739281223902,-0.780798109329962,-0.23020462324288551,-0.6978048197587581,-0.43236977250733133,0.0,0.0,0.0,1.0,0.0,0.0,0.0,0.0,0.0,0.0,0.0,1.0,0.0,0.0,1.0,0.0,0.0,0.0,1.0,0.0,0.0,1.0,1.0,0.0,3.0,4.0,0.0,2.0,2.0,2.0,2.0,1
0.26244485310025806,1.1672694771413714,-0.8620262950330072,1.0219103681995318,0.7249112110510298,1.0576790035337154,2.312835132301122,0.0,1.0,0.0,0.0,0.0,0.0,0.0,0.0,0.0,0.0,0.0,1.0,0.0,0.0,1.0,0.0,0.0,0.0,0.0,1.0,0.0,1.0,1.0,0.0,0.0,4.0,0.0,4.0,3.0,2.0,3.0,1
-0.7401299936018819,-0.7140181455796356,0.9268739281223902,-0.780798109329962,-1.0116630331197254,-0.6978048197587581,-0.43236977250733133,1.0,0.0,0.0,0.0,0.0,0.0,0.0,0.0,0.0,0.0,0.0,1.0,0.0,0.0,1.0,0.0,0.0,0.0,1.0,0.0,1.0,0.0,1.0,0.0,0.0,2.0,0.0,2.0,0.0,2.0,1.0,0
-1.241417416952952,-0.9053723865344981,0.9268739281223902,1.0219103681995318,0.030281513382727766,1.0576790035337154,-0.43236977250733133,0.0,0.0,0.0,1.0,0.0,0.0,0.0,0.0,0.0,0.0,0.0,0.0,1.0,0.0,1.0,0.0,0.0,0.0,0.0,1.0,1.0,0.0,1.0,0.0,3.0,4.0,4.0,4.0,3.0,2.0,2.0,1
-0.23884257025081193,0.35038981973178757,-0.8620262950330072,-0.780798109329962,0.030281513382727766,1.0576790035337154,2.312835132301122,0.0,0.0,0.0,0.0,0.0,0.0,0.0,0.0,1.0,0.0,0.0,0.0,1.0,0.0,1.0,0.0,0.0,0.0,1.0,0.0,1.0,0.0,1.0,0.0,3.0,0.0,0.0,2.0,2.0,1.0,2.0,0
1.265019699802398,-0.16387470283440564,0.9268739281223902,1.0219103681995318,-0.40386204765996103,-0.6978048197587581,-0.43236977250733133,0.0,0.0,1.0,0.0,0.0,0.0,0.0,0.0,0.0,0.0,0.0,0.0,1.0,0.0,1.0,0.0,0.0,0.0,1.0,0.0,1.0,0.0,1.0,0.0,0.0,1.0,0.0,4.0,2.0,0.0,2.0,0
-0.7401299936018819,-0.9325533866701321,0.9268739281223902,-1.682152348094709,-0.8380056087026498,-0.6978048197587581,-0.43236977250733133,0.0,0.0,0.0,1.0,0.0,0.0,0.0,0.0,0.0,0.0,0.0,0.0,0.0,1.0,0.0,0.0,1.0,0.0,1.0,0.0,1.0,0.0,1.0,0.0,1.0,2.0,0.0,1.0,0.0,0.0,1.0,1
-0.23884257025081193,-0.46032881098038597,-0.8620262950330072,-0.780798109329962,-0.40386204765996103,1.0576790035337154,-0.43236977250733133,0.0,0.0,1.0,0.0,0.0,0.0,0.0,0.0,0.0,0.0,0.0,0.0,1.0,0.0,1.0,0.0,0.0,0.0,1.0,0.0,1.0,0.0,1.0,0.0,1.0,4.0,0.0,1.0,0.0,2.0,1.0,0
-0.7401299936018819,-0.8328897195061411,0.9268739281223902,-0.780798109329962,-1.0984917453282632,-0.6978048197587581,-0.43236977250733133,1.0,0.0,0.0,0.0,0.0,0.0,0.0,0.0,0.0,0.0,0.0,0.0,0.0,1.0,1.0,0.0,0.0,0.0,1.0,0.0,1.0,0.0,1.0,0.0,0.0,2.0,4.0,2.0,2.0,2.0,2.0,0
0.26244485310025806,1.2383024908291613,-0.8620262950330072,1.0219103681995318,3.4166012895157003,1.0576790035337154,-0.43236977250733133,0.0,1.0,0.0,0.0,0.0,0.0,0.0,0.0,0.0,0.0,0.0,0.0,1.0,0.0,1.0,0.0,0.0,0.0,0.0,1.0,0.0,1.0,1.0,0.0,0.0,4.0,0.0,0.0,3.0,2.0,3.0,1
-0.4894862819263469,-0.6038444916965329,0.9268739281223902,0.12055612943478493,-0.40386204765996103,-0.6978048197587581,-0.43236977250733133,0.0,0.0,0.0,0.0,0.0,0.0,1.0,0.0,0.0,0.0,0.0,1.0,0.0,0.0,1.0,0.0,0.0,0.0,1.0,0.0,1.0,0.0,1.0,0.0,3.0,4.0,1.0,2.0,2.0,2.0,2.0,1
-0.23884257025081193,0.27826956603857234,-1.756476406610706,1.0219103681995318,-0.23020462324288551,2.8131628268261886,-0.43236977250733133,1.0,0.0,0.0,0.0,0.0,0.0,0.0,0.0,0.0,0.0,0.0,1.0,0.0,0.0,1.0,0.0,0.0,1.0,0.0,0.0,0.0,1.0,1.0,0.0,0.0,4.0,0.0,4.0,0.0,0.0,2.0,0
0.26244485310025806,0.11373391188420183,-0.8620262950330072,0.12055612943478493,0.2039389377998033,1.0576790035337154,-0.43236977250733133,1.0,0.0,0.0,0.0,0.0,0.0,0.0,0.0,0.0,0.0,0.0,0.0,1.0,0.0,1.0,0.0,0.0,0.0,1.0,0.0,0.0,1.0,1.0,0.0,1.0,2.0,1.0,3.0,2.0,0.0,2.0,1
-0.9907737052774169,-0.46359053099666203,0.9268739281223902,0.12055612943478493,-0.05654719882581,-0.6978048197587581,-0.43236977250733133,0.0,0.0,1.0,0.0,0.0,0.0,0.0,0.0,0.0,0.0,0.0,0.0,1.0,0.0,1.0,0.0,0.0,1.0,0.0,0.0,0.0,1.0,1.0,0.0,1.0,4.0,0.0,3.0,2.0,2.0,2.0,1
0.26244485310025806,0.01334541804992732,0.03242381654469148,-0.780798109329962,0.030281513382727766,-0.6978048197587581,-0.43236977250733133,0.0,0.0,0.0,1.0,0.0,0.0,0.0,0.0,0.0,0.0,1.0,0.0,0.0,0.0,1.0,0.0,0.0,0.0,1.0,0.0,0.0,1.0,1.0,0.0,3.0,2.0,2.0,4.0,2.0,2.0,3.0,1
-0.23884257025081193,0.0651705249752026,-0.8620262950330072,-1.682152348094709,-0.40386204765996103,-0.6978048197587581,-0.43236977250733133,0.0,1.0,0.0,0.0,0.0,0.0,0.0,0.0,0.0,0.0,0.0,0.0,1.0,0.0,1.0,0.0,0.0,0.0,1.0,0.0,0.0,1.0,1.0,0.0,3.0,2.0,4.0,2.0,1.0,2.0,2.0,1
-1.157869513061107,-0.28383351676633656,0.03242381654469148,-0.780798109329962,-0.14337591103434777,-0.6978048197587581,-0.43236977250733133,0.0,0.0,0.0,1.0,0.0,0.0,0.0,0.0,0.0,0.0,0.0,0.0,1.0,0.0,0.0,0.0,1.0,0.0,1.0,0.0,1.0,0.0,1.0,0.0,1.0,2.0,0.0,2.0,0.0,2.0,2.0,1
-0.7401299936018819,-0.6919109321359868,0.9268739281223902,-1.682152348094709,-1.2721491697453386,-0.6978048197587581,-0.43236977250733133,0.0,0.0,1.0,0.0,0.0,0.0,0.0,0.0,0.0,0.0,0.0,0.0,1.0,0.0,0.0,0.0,1.0,0.0,1.0,0.0,1.0,0.0,1.0,0.0,0.0,2.0,0.0,2.0,1.0,2.0,1.0,1
1.766307123153468,0.07096913833747116,0.9268739281223902,1.0219103681995318,2.548314167430323,1.0576790035337154,-0.43236977250733133,0.0,0.0,0.0,0.0,0.0,1.0,0.0,0.0,0.0,0.0,0.0,0.0,1.0,0.0,0.0,1.0,0.0,0.0,1.0,0.0,1.0,0.0,1.0,0.0,0.0,4.0,0.0,0.0,2.0,2.0,0.0,1
2.267594546504538,0.997660036295016,-0.8620262950330072,-0.780798109329962,-1.1853204575368008,-0.6978048197587581,-0.43236977250733133,0.0,0.0,0.0,1.0,0.0,0.0,0.0,0.0,0.0,0.0,0.0,1.0,0.0,0.0,1.0,0.0,0.0,0.0,1.0,0.0,1.0,0.0,1.0,0.0,1.0,2.0,0.0,2.0,0.0,2.0,2.0,0
-1.241417416952952,-0.8202052527761786,0.03242381654469148,-0.780798109329962,-1.0116630331197254,-0.6978048197587581,-0.43236977250733133,0.0,0.0,0.0,1.0,0.0,0.0,0.0,0.0,0.0,0.0,0.0,1.0,0.0,0.0,1.0,0.0,0.0,0.0,1.0,0.0,1.0,0.0,1.0,0.0,3.0,3.0,0.0,2.0,0.0,2.0,2.0,1
0.26244485310025806,0.48122103371797204,0.03242381654469148,-0.780798109329962,3.3297725773071627,-0.6978048197587581,-0.43236977250733133,0.0,0.0,0.0,0.0,0.0,0.0,0.0,0.0,1.0,0.0,0.0,0.0,1.0,0.0,1.0,0.0,0.0,0.0,1.0,0.0,0.0,1.0,1.0,0.0,3.0,4.0,0.0,2.0,0.0,2.0,3.0,1
-0.7401299936018819,-0.6161665450913536,0.9268739281223902,-1.682152348094709,-1.0984917453282632,-0.6978048197587581,-0.43236977250733133,0.0,0.0,0.0,1.0,0.0,0.0,0.0,0.0,0.0,0.0,0.0,1.0,0.0,0.0,1.0,0.0,0.0,0.0,1.0,0.0,1.0,0.0,1.0,0.0,0.0,2.0,0.0,2.0,2.0,0.0,2.0,1
-0.7401299936018819,-0.6248644651347565,0.9268739281223902,-1.682152348094709,-0.23020462324288551,-0.6978048197587581,-0.43236977250733133,0.0,0.0,1.0,0.0,0.0,0.0,0.0,0.0,0.0,0.0,0.0,1.0,0.0,0.0,1.0,0.0,0.0,0.0,1.0,0.0,0.0,1.0,1.0,0.0,2.0,2.0,0.0,1.0,1.0,0.0,3.0,1
-0.7401299936018819,-0.16314987616412208,-0.8620262950330072,1.0219103681995318,1.8536844697620207,2.8131628268261886,-0.43236977250733133,0.0,0.0,0.0,0.0,0.0,0.0,1.0,0.0,0.0,0.0,0.0,1.0,0.0,0.0,1.0,0.0,0.0,0.0,0.0,1.0,1.0,0.0,1.0,0.0,3.0,4.0,0.0,4.0,3.0,0.0,1.0,1
0.763732276451328,-0.46359053099666203,0.9268739281223902,0.12055612943478493,-0.4906907598684988,1.0576790035337154,-0.43236977250733133,0.0,0.0,0.0,1.0,0.0,0.0,0.0,0.0,0.0,0.0,0.0,0.0,1.0,0.0,1.0,0.0,0.0,0.0,1.0,0.0,1.0,0.0,1.0,0.0,1.0,3.0,1.0,1.0,3.0,1.0,3.0,0
-0.23884257025081193,-0.45597985095868454,0.03242381654469148,1.0219103681995318,0.030281513382727766,-0.6978048197587581,-0.43236977250733133,0.0,0.0,0.0,1.0,0.0,0.0,0.0,0.0,0.0,0.0,0.0,0.0,1.0,0.0,0.0,1.0,0.0,0.0,0.0,1.0,0.0,1.0,1.0,0.0,0.0,1.0,0.0,1.0,3.0,0.0,3.0,1
-0.7401299936018819,-0.3331217303456193,0.9268739281223902,1.0219103681995318,0.11711022559126552,-0.6978048197587581,-0.43236977250733133,0.0,0.0,0.0,1.0,0.0,0.0,0.0,0.0,0.0,0.0,0.0,0.0,1.0,0.0,1.0,0.0,0.0,0.0,0.0,1.0,0.0,1.0,1.0,0.0,3.0,2.0,4.0,2.0,3.0,2.0,2.0,1
0.26244485310025806,-0.4567046776289681,0.9268739281223902,0.12055612943478493,-0.31703333545142326,-0.6978048197587581,-0.43236977250733133,0.0,0.0,0.0,1.0,0.0,0.0,0.0,0.0,0.0,0.0,1.0,0.0,0.0,0.0,1.0,0.0,0.0,0.0,1.0,0.0,1.0,0.0,1.0,0.0,0.0,2.0,0.0,1.0,1.0,2.0,2.0,0
2.267594546504538,0.26558509930860985,0.9268739281223902,1.0219103681995318,0.8985686354681054,-0.6978048197587581,2.312835132301122,1.0,0.0,0.0,0.0,0.0,0.0,0.0,0.0,0.0,0.0,0.0,0.0,1.0,0.0,1.0,0.0,0.0,0.0,0.0,1.0,1.0,0.0,1.0,0.0,0.0,2.0,0.0,3.0,3.0,2.0,2.0,0
-1.241417416952952,0.5500795673949113,-1.756476406610706,0.12055612943478493,0.7249112110510298,1.0576790035337154,2.312835132301122,1.0,0.0,0.0,0.0,0.0,0.0,0.0,0.0,0.0,0.0,0.0,0.0,1.0,0.0,1.0,0.0,0.0,0.0,1.0,0.0,1.0,0.0,1.0,0.0,0.0,4.0,4.0,1.0,0.0,2.0,1.0,1
-0.907225801385572,-0.7828766792565748,0.9268739281223902,0.12055612943478493,1.1590547720937188,1.0576790035337154,-0.43236977250733133,1.0,0.0,0.0,0.0,0.0,0.0,0.0,0.0,0.0,0.0,0.0,0.0,1.0,0.0,0.0,1.0,0.0,0.0,1.0,0.0,0.0,1.0,1.0,0.0,0.0,4.0,0.0,3.0,1.0,2.0,2.0,1
2.267594546504538,2.0511956015521853,-0.8620262950330072,-1.682152348094709,-0.05654719882581,1.0576790035337154,-0.43236977250733133,0.0,1.0,0.0,0.0,0.0,0.0,0.0,0.0,0.0,0.0,0.0,0.0,1.0,0.0,1.0,0.0,0.0,0.0,0.0,1.0,0.0,1.0,1.0,0.0,3.0,4.0,4.0,3.0,3.0,2.0,2.0,1
-0.7401299936018819,-0.7980980393325298,0.9268739281223902,1.0219103681995318,-1.0984917453282632,1.0576790035337154,-0.43236977250733133,0.0,0.0,0.0,0.0,0.0,1.0,0.0,0.0,0.0,0.0,0.0,1.0,0.0,0.0,1.0,0.0,0.0,0.0,1.0,0.0,1.0,0.0,1.0,0.0,3.0,4.0,4.0,3.0,0.0,2.0,2.0,1
-0.4894862819263469,-0.3668261705138054,-1.756476406610706,1.0219103681995318,-0.23020462324288551,-0.6978048197587581,-0.43236977250733133,0.0,0.0,1.0,0.0,0.0,0.0,0.0,0.0,0.0,0.0,0.0,1.0,0.0,0.0,1.0,0.0,0.0,1.0,0.0,0.0,1.0,0.0,1.0,0.0,3.0,2.0,4.0,3.0,0.0,0.0,1.0,1
-0.23884257025081193,0.34604085971008613,-0.8620262950330072,0.12055612943478493,0.5512537866339543,-0.6978048197587581,-0.43236977250733133,0.0,0.0,1.0,0.0,0.0,0.0,0.0,0.0,0.0,0.0,0.0,0.0,1.0,0.0,0.0,1.0,0.0,0.0,1.0,0.0,1.0,0.0,1.0,0.0,0.0,2.0,0.0,2.0,2.0,2.0,2.0,0
1.265019699802398,-0.2950683301557319,0.9268739281223902,-1.682152348094709,-0.23020462324288551,-0.6978048197587581,-0.43236977250733133,0.0,0.0,0.0,0.0,0.0,1.0,0.0,0.0,0.0,0.0,0.0,0.0,1.0,0.0,1.0,0.0,0.0,1.0,0.0,0.0,1.0,0.0,1.0,0.0,1.0,2.0,0.0,1.0,3.0,2.0,1.0,0
-0.7401299936018819,-0.4577919176343935,0.9268739281223902,1.0219103681995318,0.6380824988424921,2.8131628268261886,-0.43236977250733133,0.0,0.0,1.0,0.0,0.0,0.0,0.0,0.0,0.0,0.0,0.0,0.0,1.0,0.0,1.0,0.0,0.0,0.0,1.0,0.0,0.0,1.0,1.0,0.0,3.0,4.0,0.0,4.0,0.0,2.0,2.0,1
-1.157869513061107,-0.3150010635885301,-1.756476406610706,-1.682152348094709,0.8117399232595676,-0.6978048197587581,-0.43236977250733133,0.0,0.0,0.0,1.0,0.0,0.0,0.0,0.0,0.0,0.0,0.0,1.0,0.0,0.0,0.0,0.0,1.0,0.0,1.0,0.0,1.0,0.0,1.0,0.0,1.0,2.0,0.0,1.0,0.0,2.0,2.0,1
0.011801141424723058,-0.15082782276930137,-1.756476406610706,-0.780798109329962,-0.40386204765996103,-0.6978048197587581,-0.43236977250733133,1.0,0.0,0.0,0.0,0.0,0.0,0.0,0.0,0.0,0.0,0.0,1.0,0.0,0.0,1.0,0.0,0.0,0.0,1.0,0.0,1.0,0.0,1.0,0.0,3.0,2.0,2.0,3.0,2.0,0.0,3.0,1
0.26244485310025806,-0.03376831551850476,0.9268739281223902,-0.780798109329962,-0.9248343209111876,1.0576790035337154,-0.43236977250733133,0.0,0.0,0.0,1.0,0.0,0.0,0.0,0.0,0.0,0.0,0.0,0.0,1.0,0.0,1.0,0.0,0.0,0.0,1.0,0.0,1.0,0.0,1.0,0.0,3.0,2.0,4.0,1.0,2.0,2.0,2.0,1
0.26244485310025806,-0.6969847188279717,-0.8620262950330072,1.0219103681995318,0.030281513382727766,1.0576790035337154,-0.43236977250733133,0.0,0.0,0.0,0.0,0.0,0.0,0.0,0.0,1.0,0.0,1.0,0.0,0.0,0.0,1.0,0.0,0.0,0.0,1.0,0.0,0.0,1.0,1.0,0.0,2.0,4.0,3.0,2.0,0.0,2.0,2.0,1
2.267594546504538,1.6057896126629314,0.9268739281223902,-0.780798109329962,0.8985686354681054,1.0576790035337154,2.312835132301122,0.0,0.0,0.0,0.0,0.0,0.0,0.0,0.0,1.0,0.0,1.0,0.0,0.0,0.0,1.0,0.0,0.0,0.0,1.0,0.0,1.0,0.0,1.0,0.0,3.0,4.0,4.0,4.0,2.0,0.0,3.0,1
-0.23884257025081193,-0.7865008126079926,0.9268739281223902,0.12055612943478493,0.030281513382727766,1.0576790035337154,-0.43236977250733133,1.0,0.0,0.0,0.0,0.0,0.0,0.0,0.0,0.0,0.0,0.0,1.0,0.0,0.0,1.0,0.0,0.0,0.0,1.0,0.0,1.0,0.0,1.0,0.0,3.0,4.0,0.0,2.0,0.0,2.0,2.0,1
0.26244485310025806,-0.8223797327870294,0.9268739281223902,-0.780798109329962,-0.40386204765996103,-0.6978048197587581,-0.43236977250733133,0.0,0.0,1.0,0.0,0.0,0.0,0.0,0.0,0.0,0.0,0.0,0.0,1.0,0.0,1.0,0.0,0.0,0.0,1.0,0.0,0.0,1.0,1.0,0.0,3.0,2.0,4.0,3.0,2.0,1.0,2.0,1
0.26244485310025806,0.280444046049423,-0.8620262950330072,1.0219103681995318,-0.9248343209111876,-0.6978048197587581,-0.43236977250733133,0.0,0.0,1.0,0.0,0.0,0.0,0.0,0.0,0.0,0.0,0.0,1.0,0.0,0.0,1.0,0.0,0.0,1.0,0.0,0.0,0.0,1.0,1.0,0.0,3.0,2.0,0.0,3.0,1.0,2.0,2.0,1
0.26244485310025806,-0.13995542271504782,-0.8620262950330072,1.0219103681995318,-0.8380056087026498,-0.6978048197587581,-0.43236977250733133,0.0,1.0,0.0,0.0,0.0,0.0,0.0,0.0,0.0,0.0,0.0,1.0,0.0,0.0,1.0,0.0,0.0,1.0,0.0,0.0,1.0,0.0,1.0,0.0,0.0,2.0,4.0,4.0,0.0,2.0,2.0,1
1.265019699802398,-0.32478622363735826,0.9268739281223902,1.0219103681995318,-0.40386204765996103,-0.6978048197587581,-0.43236977250733133,0.0,0.0,0.0,1.0,0.0,0.0,0.0,0.0,0.0,0.0,1.0,0.0,0.0,0.0,1.0,0.0,0.0,1.0,0.0,0.0,1.0,0.0,1.0,0.0,0.0,2.0,0.0,2.0,2.0,2.0,2.0,0
-0.23884257025081193,-0.262813543328113,0.9268739281223902,-1.682152348094709,-0.9248343209111876,-0.6978048197587581,-0.43236977250733133,0.0,0.0,1.0,0.0,0.0,0.0,0.0,0.0,0.0,0.0,0.0,0.0,1.0,0.0,1.0,0.0,0.0,0.0,1.0,0.0,1.0,0.0,1.0,0.0,0.0,2.0,0.0,0.0,2.0,2.0,0.0,0
-1.4085132247366419,-0.6143544784156447,-0.8620262950330072,-1.682152348094709,0.5512537866339543,1.0576790035337154,2.312835132301122,0.0,0.0,0.0,1.0,0.0,0.0,0.0,0.0,0.0,0.0,0.0,0.0,1.0,0.0,1.0,0.0,0.0,0.0,1.0,0.0,1.0,0.0,1.0,0.0,3.0,4.0,0.0,3.0,0.0,2.0,1.0,1
-0.9907737052774169,-0.6339247985133011,0.03242381654469148,-0.780798109329962,-0.7511768964941121,1.0576790035337154,-0.43236977250733133,0.0,0.0,0.0,0.0,0.0,0.0,0.0,0.0,1.0,0.0,0.0,1.0,0.0,0.0,1.0,0.0,0.0,0.0,1.0,0.0,1.0,0.0,1.0,0.0,3.0,2.0,0.0,3.0,2.0,2.0,2.0,1
-0.23884257025081193,-0.4201009307796478,-1.756476406610706,1.0219103681995318,-1.3589778819538765,-0.6978048197587581,-0.43236977250733133,0.0,0.0,1.0,0.0,0.0,0.0,0.0,0.0,0.0,0.0,0.0,1.0,0.0,0.0,1.0,0.0,0.0,1.0,0.0,0.0,1.0,0.0,1.0,0.0,0.0,2.0,0.0,2.0,0.0,2.0,2.0,0
-0.7401299936018819,-0.8560841729552154,0.9268739281223902,-0.780798109329962,-1.0984917453282632,-0.6978048197587581,-0.43236977250733133,1.0,0.0,0.0,0.0,0.0,0.0,0.0,0.0,0.0,0.0,0.0,1.0,0.0,0.0,1.0,0.0,0.0,0.0,1.0,0.0,1.0,0.0,1.0,0.0,1.0,2.0,1.0,1.0,1.0,0.0,1.0,0
-0.7401299936018819,-0.8144066394139101,0.9268739281223902,1.0219103681995318,-0.7511768964941121,4.568646650118662,-0.43236977250733133,0.0,0.0,1.0,0.0,0.0,0.0,0.0,0.0,0.0,0.0,0.0,1.0,0.0,0.0,1.0,0.0,0.0,1.0,0.0,0.0,1.0,0.0,1.0,0.0,1.0,2.0,1.0,1.0,2.0,0.0,2.0,0
2.267594546504538,0.7910844352641984,0.03242381654469148,1.0219103681995318,0.3775963622168788,-0.6978048197587581,-0.43236977250733133,0.0,0.0,0.0,0.0,0.0,0.0,0.0,0.0,0.0,1.0,0.0,0.0,1.0,0.0,1.0,0.0,0.0,0.0,0.0,1.0,0.0,1.0,1.0,0.0,1.0,2.0,4.0,0.0,3.0,0.0,0.0,1
-0.9907737052774169,0.22970617912957308,-1.756476406610706,1.0219103681995318,2.461485455221785,-0.6978048197587581,-0.43236977250733133,0.0,0.0,0.0,0.0,0.0,0.0,1.0,0.0,0.0,0.0,0.0,0.0,1.0,0.0,1.0,0.0,0.0,0.0,1.0,0.0,1.0,0.0,1.0,0.0,3.0,2.0,4.0,4.0,0.0,2.0,1.0,1
-0.7401299936018819,-0.48569774444031094,0.9268739281223902,-1.682152348094709,-1.1853204575368008,-0.6978048197587581,-0.43236977250733133,0.0,0.0,1.0,0.0,0.0,0.0,0.0,0.0,0.0,0.0,0.0,1.0,0.0,0.0,1.0,0.0,0.0,1.0,0.0,0.0,1.0,0.0,1.0,0.0,0.0,2.0,0.0,1.0,2.0,2.0,2.0,1
2.7688819698556077,2.2606705092641373,-0.8620262950330072,-0.780798109329962,0.29076765000834104,-0.6978048197587581,2.312835132301122,0.0,1.0,0.0,0.0,0.0,0.0,0.0,0.0,0.0,0.0,0.0,0.0,1.0,0.0,1.0,0.0,0.0,0.0,1.0,0.0,1.0,0.0,1.0,0.0,3.0,0.0,4.0,2.0,1.0,2.0,1.0,1
0.26244485310025806,-0.25918940997669515,0.9268739281223902,1.0219103681995318,-1.1853204575368008,-0.6978048197587581,-0.43236977250733133,0.0,0.0,1.0,0.0,0.0,0.0,0.0,0.0,0.0,0.0,0.0,0.0,1.0,0.0,1.0,0.0,0.0,0.0,1.0,0.0,0.0,1.0,1.0,0.0,0.0,1.0,2.0,2.0,0.0,1.0,2.0,1
-1.241417416952952,-0.9713316135303031,0.03242381654469148,-1.682152348094709,-0.5775194720770366,-0.6978048197587581,-0.43236977250733133,0.0,0.0,0.0,1.0,0.0,0.0,0.0,0.0,0.0,0.0,0.0,1.0,0.0,0.0,1.0,0.0,0.0,0.0,1.0,0.0,1.0,0.0,1.0,0.0,3.0,2.0,0.0,2.0,0.0,2.0,2.0,1
0.26244485310025806,3.030436433105289,-1.756476406610706,1.0219103681995318,-1.0984917453282632,1.0576790035337154,-0.43236977250733133,0.0,1.0,0.0,0.0,0.0,0.0,0.0,0.0,0.0,0.0,0.0,1.0,0.0,0.0,1.0,0.0,0.0,1.0,0.0,0.0,1.0,0.0,1.0,0.0,1.0,2.0,0.0,2.0,2.0,2.0,3.0,0
0.26244485310025806,-0.6958974788225464,0.9268739281223902,-1.682152348094709,0.030281513382727766,-0.6978048197587581,-0.43236977250733133,0.0,0.0,0.0,1.0,0.0,0.0,0.0,0.0,0.0,0.0,0.0,0.0,1.0,0.0,1.0,0.0,0.0,0.0,1.0,0.0,0.0,1.0,1.0,0.0,3.0,2.0,0.0,4.0,0.0,2.0,3.0,1
-0.23884257025081193,-0.5038184111974002,0.9268739281223902,-1.682152348094709,-1.1853204575368008,-0.6978048197587581,-0.43236977250733133,0.0,0.0,1.0,0.0,0.0,0.0,0.0,0.0,0.0,0.0,0.0,1.0,0.0,0.0,1.0,0.0,0.0,0.0,1.0,0.0,1.0,0.0,1.0,0.0,3.0,3.0,0.0,3.0,0.0,2.0,2.0,0
-0.7401299936018819,0.06806983165633688,0.03242381654469148,1.0219103681995318,-0.05654719882581,-0.6978048197587581,-0.43236977250733133,0.0,1.0,0.0,0.0,0.0,0.0,0.0,0.0,0.0,0.0,0.0,0.0,1.0,0.0,1.0,0.0,0.0,0.0,0.0,1.0,0.0,1.0,1.0,0.0,0.0,2.0,0.0,4.0,3.0,2.0,2.0,0
-0.4894862819263469,0.06154639162378475,0.03242381654469148,1.0219103681995318,-1.0984917453282632,1.0576790035337154,-0.43236977250733133,0.0,1.0,0.0,0.0,0.0,0.0,0.0,0.0,0.0,0.0,0.0,0.0,1.0,0.0,1.0,0.0,0.0,1.0,0.0,0.0,0.0,1.0,1.0,0.0,3.0,4.0,3.0,4.0,3.0,2.0,2.0,1
1.265019699802398,0.05212364491009834,0.9268739281223902,-0.780798109329962,1.3327121965107942,-0.6978048197587581,-0.43236977250733133,0.0,0.0,0.0,1.0,0.0,0.0,0.0,0.0,0.0,0.0,0.0,0.0,1.0,0.0,1.0,0.0,0.0,0.0,1.0,0.0,0.0,1.0,1.0,0.0,3.0,4.0,4.0,4.0,2.0,2.0,2.0,1
0.26244485310025806,-0.4606912243155277,0.03242381654469148,-0.780798109329962,-0.23020462324288551,1.0576790035337154,-0.43236977250733133,0.0,0.0,0.0,0.0,0.0,0.0,1.0,0.0,0.0,0.0,0.0,1.0,0.0,0.0,1.0,0.0,0.0,0.0,1.0,0.0,0.0,1.0,1.0,0.0,3.0,4.0,4.0,2.0,2.0,2.0,2.0,1
1.515663411477933,-0.22802186315450163,0.9268739281223902,1.0219103681995318,-1.0116630331197254,-0.6978048197587581,-0.43236977250733133,0.0,1.0,0.0,0.0,0.0,0.0,0.0,0.0,0.0,0.0,0.0,0.0,1.0,0.0,1.0,0.0,0.0,0.0,1.0,0.0,1.0,0.0,1.0,0.0,3.0,2.0,2.0,2.0,2.0,2.0,2.0,1
-0.7401299936018819,-0.870218293025745,0.9268739281223902,0.12055612943478493,-0.23020462324288551,-0.6978048197587581,2.312835132301122,0.0,0.0,0.0,1.0,0.0,0.0,0.0,0.0,0.0,0.0,0.0,1.0,0.0,0.0,1.0,0.0,0.0,0.0,1.0,0.0,1.0,0.0,1.0,0.0,3.0,4.0,4.0,4.0,1.0,2.0,1.0,0
1.766307123153468,1.1201557435729395,-0.8620262950330072,-1.682152348094709,-0.23020462324288551,1.0576790035337154,-0.43236977250733133,0.0,0.0,0.0,0.0,0.0,0.0,0.0,0.0,1.0,0.0,1.0,0.0,0.0,0.0,1.0,0.0,0.0,0.0,1.0,0.0,1.0,0.0,1.0,0.0,2.0,0.0,0.0,1.0,1.0,2.0,2.0,1
-0.7401299936018819,-0.8839899997611329,0.9268739281223902,-0.780798109329962,-0.8380056087026498,-0.6978048197587581,-0.43236977250733133,1.0,0.0,0.0,0.0,0.0,0.0,0.0,0.0,0.0,0.0,0.0,0.0,1.0,0.0,1.0,0.0,0.0,0.0,1.0,0.0,1.0,0.0,1.0,0.0,0.0,2.0,0.0,3.0,0.0,2.0,2.0,0
-0.7401299936018819,0.09017704509998578,0.9268739281223902,0.12055612943478493,-0.05654719882581,-0.6978048197587581,2.312835132301122,0.0,0.0,0.0,0.0,0.0,0.0,0.0,1.0,0.0,0.0,0.0,1.0,0.0,0.0,1.0,0.0,0.0,0.0,1.0,0.0,1.0,0.0,1.0,0.0,3.0,1.0,2.0,2.0,0.0,2.0,1.0,1
-0.23884257025081193,-0.4657650110075127,0.03242381654469148,0.12055612943478493,0.030281513382727766,-0.6978048197587581,-0.43236977250733133,0.0,0.0,0.0,0.0,0.0,0.0,0.0,0.0,1.0,0.0,0.0,0.0,0.0,1.0,1.0,0.0,0.0,0.0,1.0,0.0,0.0,1.0,1.0,0.0,1.0,2.0,3.0,1.0,0.0,0.0,2.0,1
-0.23884257025081193,-0.8386883328684097,0.9268739281223902,1.0219103681995318,0.030281513382727766,-0.6978048197587581,2.312835132301122,1.0,0.0,0.0,0.0,0.0,0.0,0.0,0.0,0.0,0.0,0.0,0.0,1.0,0.0,1.0,0.0,0.0,0.0,1.0,0.0,0.0,1.0,1.0,0.0,1.0,4.0,0.0,4.0,2.0,2.0,2.0,0
0.26244485310025806,-0.6926357588062703,0.9268739281223902,1.0219103681995318,0.11711022559126552,1.0576790035337154,-0.43236977250733133,1.0,0.0,0.0,0.0,0.0,0.0,0.0,0.0,0.0,0.0,0.0,1.0,0.0,0.0,1.0,0.0,0.0,0.0,1.0,0.0,0.0,1.0,1.0,0.0,3.0,4.0,3.0,4.0,0.0,2.0,2.0,1
0.26244485310025806,-0.7245281322987474,0.9268739281223902,1.0219103681995318,2.114170606387634,1.0576790035337154,-0.43236977250733133,1.0,0.0,0.0,0.0,0.0,0.0,0.0,0.0,0.0,0.0,0.0,0.0,1.0,0.0,1.0,0.0,0.0,0.0,1.0,0.0,1.0,0.0,1.0,0.0,0.0,4.0,0.0,4.0,2.0,2.0,1.0,0
0.011801141424723058,-0.3063031435451272,-1.756476406610706,1.0219103681995318,0.9853973476766431,1.0576790035337154,-0.43236977250733133,1.0,0.0,0.0,0.0,0.0,0.0,0.0,0.0,0.0,0.0,1.0,0.0,0.0,0.0,1.0,0.0,0.0,0.0,1.0,0.0,1.0,0.0,1.0,0.0,1.0,3.0,0.0,2.0,1.0,2.0,2.0,1
-0.23884257025081193,-0.10842546255771252,0.9268739281223902,1.0219103681995318,0.6380824988424921,-0.6978048197587581,2.312835132301122,1.0,0.0,0.0,0.0,0.0,0.0,0.0,0.0,0.0,0.0,0.0,0.0,1.0,0.0,1.0,0.0,0.0,0.0,1.0,0.0,1.0,0.0,1.0,0.0,1.0,3.0,4.0,4.0,2.0,2.0,2.0,1
-0.7401299936018819,-0.272961116712083,-0.8620262950330072,1.0219103681995318,-0.8380056087026498,-0.6978048197587581,-0.43236977250733133,0.0,1.0,0.0,0.0,0.0,0.0,0.0,0.0,0.0,0.0,0.0,0.0,0.0,1.0,1.0,0.0,0.0,1.0,0.0,0.0,0.0,1.0,1.0,0.0,3.0,2.0,4.0,1.0,2.0,2.0,2.0,1
-0.656582089710037,-0.8394131595386933,0.9268739281223902,1.0219103681995318,-1.0984917453282632,1.0576790035337154,-0.43236977250733133,0.0,0.0,0.0,1.0,0.0,0.0,0.0,0.0,0.0,0.0,0.0,0.0,1.0,0.0,0.0,0.0,1.0,0.0,1.0,0.0,1.0,0.0,1.0,0.0,1.0,4.0,0.0,1.0,0.0,2.0,2.0,1
1.265019699802398,-0.17619675622922634,-0.8620262950330072,-0.780798109329962,0.4644250744254166,-0.6978048197587581,2.312835132301122,0.0,0.0,1.0,0.0,0.0,0.0,0.0,0.0,0.0,0.0,0.0,0.0,1.0,0.0,1.0,0.0,0.0,0.0,1.0,0.0,1.0,0.0,1.0,0.0,0.0,2.0,0.0,4.0,1.0,0.0,2.0,0
0.26244485310025806,-0.1352440493582046,0.9268739281223902,0.12055612943478493,-0.14337591103434777,1.0576790035337154,2.312835132301122,0.0,0.0,0.0,0.0,0.0,0.0,0.0,0.0,1.0,0.0,0.0,0.0,1.0,0.0,1.0,0.0,0.0,0.0,1.0,0.0,0.0,1.0,1.0,0.0,1.0,4.0,4.0,3.0,3.0,2.0,2.0,1
-0.23884257025081193,-0.4769998243969081,0.9268739281223902,1.0219103681995318,-0.9248343209111876,1.0576790035337154,-0.43236977250733133,0.0,0.0,0.0,1.0,0.0,0.0,0.0,0.0,0.0,0.0,0.0,1.0,0.0,0.0,1.0,0.0,0.0,1.0,0.0,0.0,1.0,0.0,1.0,0.0,0.0,2.0,0.0,2.0,2.0,0.0,2.0,0
0.26244485310025806,-0.5259256246410491,0.9268739281223902,-1.682152348094709,-1.0116630331197254,-0.6978048197587581,-0.43236977250733133,0.0,0.0,1.0,0.0,0.0,0.0,0.0,0.0,0.0,0.0,0.0,0.0,1.0,0.0,0.0,1.0,0.0,0.0,1.0,0.0,1.0,0.0,0.0,1.0,0.0,2.0,0.0,1.0,1.0,2.0,1.0,1
-1.241417416952952,-0.6712533720329049,-0.8620262950330072,1.0219103681995318,0.5512537866339543,-0.6978048197587581,2.312835132301122,0.0,0.0,0.0,1.0,0.0,0.0,0.0,0.0,0.0,0.0,0.0,0.0,1.0,0.0,1.0,0.0,0.0,0.0,0.0,1.0,0.0,1.0,1.0,0.0,3.0,2.0,1.0,4.0,3.0,0.0,2.0,1
-0.40593837803450195,-0.20772671638656165,-0.8620262950330072,1.0219103681995318,0.6380824988424921,-0.6978048197587581,-0.43236977250733133,1.0,0.0,0.0,0.0,0.0,0.0,0.0,0.0,0.0,0.0,0.0,0.0,1.0,0.0,0.0,0.0,1.0,1.0,0.0,0.0,0.0,1.0,0.0,1.0,0.0,4.0,0.0,4.0,1.0,2.0,2.0,0
0.26244485310025806,-0.45597985095868454,0.9268739281223902,1.0219103681995318,2.114170606387634,-0.6978048197587581,-0.43236977250733133,1.0,0.0,0.0,0.0,0.0,0.0,0.0,0.0,0.0,0.0,0.0,0.0,1.0,0.0,1.0,0.0,0.0,0.0,1.0,0.0,0.0,1.0,1.0,0.0,3.0,4.0,3.0,4.0,0.0,2.0,2.0,1
0.26244485310025806,0.7080917815167296,0.9268739281223902,-0.780798109329962,-0.9248343209111876,-0.6978048197587581,-0.43236977250733133,0.0,0.0,0.0,1.0,0.0,0.0,0.0,0.0,0.0,0.0,0.0,0.0,1.0,0.0,1.0,0.0,0.0,0.0,1.0,0.0,1.0,0.0,1.0,0.0,2.0,2.0,0.0,3.0,2.0,0.0,2.0,1
-1.241417416952952,-0.821292492781604,-1.756476406610706,0.12055612943478493,0.29076765000834104,1.0576790035337154,-0.43236977250733133,0.0,0.0,0.0,0.0,0.0,0.0,0.0,1.0,0.0,0.0,0.0,1.0,0.0,0.0,1.0,0.0,0.0,0.0,1.0,0.0,1.0,0.0,1.0,0.0,1.0,4.0,4.0,3.0,1.0,2.0,1.0,1
0.011801141424723058,-0.32986001032934326,0.9268739281223902,1.0219103681995318,-1.0984917453282632,-0.6978048197587581,-0.43236977250733133,0.0,0.0,1.0,0.0,0.0,0.0,0.0,0.0,0.0,0.0,0.0,1.0,0.0,0.0,1.0,0.0,0.0,0.0,1.0,0.0,0.0,1.0,1.0,0.0,3.0,4.0,0.0,1.0,1.0,2.0,2.0,1
2.267594546504538,1.6543529995719306,0.9268739281223902,1.0219103681995318,0.5512537866339543,-0.6978048197587581,-0.43236977250733133,1.0,0.0,0.0,0.0,0.0,0.0,0.0,0.0,0.0,0.0,0.0,0.0,1.0,0.0,1.0,0.0,0.0,0.0,0.0,1.0,1.0,0.0,1.0,0.0,0.0,2.0,0.0,4.0,3.0,0.0,3.0,0
0.763732276451328,-0.31355141024796296,0.9268739281223902,-0.780798109329962,-0.4906907598684988,-0.6978048197587581,-0.43236977250733133,0.0,0.0,0.0,1.0,0.0,0.0,0.0,0.0,0.0,0.0,0.0,0.0,1.0,0.0,1.0,0.0,0.0,0.0,1.0,0.0,1.0,0.0,1.0,0.0,3.0,2.0,2.0,4.0,2.0,0.0,3.0,1
0.26244485310025806,-0.23925667654389698,0.9268739281223902,1.0219103681995318,0.9853973476766431,1.0576790035337154,2.312835132301122,1.0,0.0,0.0,0.0,0.0,0.0,0.0,0.0,0.0,0.0,0.0,0.0,1.0,0.0,1.0,0.0,0.0,0.0,1.0,0.0,1.0,0.0,1.0,0.0,3.0,3.0,0.0,4.0,2.0,2.0,1.0,0
0.26244485310025806,-0.7879504659485598,0.9268739281223902,1.0219103681995318,1.072226059885181,-0.6978048197587581,-0.43236977250733133,0.0,0.0,0.0,1.0,0.0,0.0,0.0,0.0,0.0,0.0,0.0,0.0,0.0,1.0,1.0,0.0,0.0,0.0,1.0,0.0,1.0,0.0,1.0,0.0,0.0,3.0,0.0,1.0,0.0,1.0,2.0,0
0.513088564775793,0.25978648594634124,0.9268739281223902,-0.780798109329962,0.030281513382727766,-0.6978048197587581,2.312835132301122,0.0,0.0,0.0,0.0,0.0,0.0,0.0,0.0,1.0,0.0,0.0,0.0,1.0,0.0,1.0,0.0,0.0,0.0,1.0,0.0,0.0,1.0,1.0,0.0,1.0,2.0,0.0,2.0,2.0,2.0,2.0,0
-0.23884257025081193,1.5630248391162007,-1.756476406610706,1.0219103681995318,1.3327121965107942,-0.6978048197587581,2.312835132301122,0.0,1.0,0.0,0.0,0.0,0.0,0.0,0.0,0.0,0.0,0.0,0.0,1.0,0.0,1.0,0.0,0.0,0.0,0.0,1.0,0.0,1.0,1.0,0.0,0.0,2.0,4.0,4.0,1.0,2.0,2.0,0
0.26244485310025806,0.9222780625855246,-0.8620262950330072,1.0219103681995318,-1.0116630331197254,1.0576790035337154,-0.43236977250733133,0.0,0.0,0.0,0.0,0.0,0.0,1.0,0.0,0.0,0.0,0.0,1.0,0.0,0.0,1.0,0.0,0.0,0.0,0.0,1.0,0.0,1.0,1.0,0.0,1.0,4.0,0.0,1.0,3.0,2.0,2.0,1
-0.7401299936018819,-0.6890116254548524,0.03242381654469148,1.0219103681995318,-1.0984917453282632,-0.6978048197587581,-0.43236977250733133,0.0,0.0,0.0,1.0,0.0,0.0,0.0,0.0,0.0,0.0,0.0,0.0,0.0,1.0,1.0,0.0,0.0,1.0,0.0,0.0,1.0,0.0,1.0,0.0,2.0,2.0,0.0,2.0,0.0,2.0,2.0,1
-1.241417416952952,-0.7796149592402988,-0.8620262950330072,1.0219103681995318,1.2458834843022564,-0.6978048197587581,-0.43236977250733133,0.0,0.0,0.0,0.0,0.0,0.0,1.0,0.0,0.0,0.0,0.0,1.0,0.0,0.0,1.0,0.0,0.0,0.0,1.0,0.0,1.0,0.0,1.0,0.0,2.0,4.0,0.0,2.0,1.0,2.0,1.0,1
-0.7401299936018819,-0.7600446391426423,0.03242381654469148,-0.780798109329962,-0.7511768964941121,1.0576790035337154,-0.43236977250733133,1.0,0.0,0.0,0.0,0.0,0.0,0.0,0.0,0.0,0.0,0.0,0.0,0.0,1.0,1.0,0.0,0.0,0.0,1.0,0.0,0.0,1.0,1.0,0.0,3.0,2.0,0.0,2.0,0.0,2.0,2.0,1
-0.9907737052774169,-0.826366279473589,0.9268739281223902,-1.682152348094709,-0.4906907598684988,-0.6978048197587581,-0.43236977250733133,0.0,0.0,1.0,0.0,0.0,0.0,0.0,0.0,0.0,0.0,0.0,1.0,0.0,0.0,1.0,0.0,0.0,0.0,1.0,0.0,1.0,0.0,1.0,0.0,1.0,2.0,0.0,2.0,1.0,2.0,2.0,0
-0.23884257025081193,0.2442027125352445,-0.8620262950330072,1.0219103681995318,2.7219715918473986,-0.6978048197587581,-0.43236977250733133,0.0,0.0,0.0,0.0,0.0,1.0,0.0,0.0,0.0,0.0,0.0,1.0,0.0,0.0,1.0,0.0,0.0,0.0,1.0,0.0,0.0,1.0,1.0,0.0,1.0,2.0,0.0,0.0,2.0,2.0,2.0,1
-0.9907737052774169,-0.3856716639411782,0.9268739281223902,1.0219103681995318,1.072226059885181,2.8131628268261886,-0.43236977250733133,1.0,0.0,0.0,0.0,0.0,0.0,0.0,0.0,0.0,0.0,0.0,0.0,1.0,0.0,1.0,0.0,0.0,0.0,1.0,0.0,0.0,1.0,1.0,0.0,3.0,4.0,0.0,2.0,2.0,2.0,2.0,1
-0.7401299936018819,-0.12292199596338392,0.9268739281223902,1.0219103681995318,0.2039389377998033,-0.6978048197587581,-0.43236977250733133,1.0,0.0,0.0,0.0,0.0,0.0,0.0,0.0,0.0,0.0,0.0,0.0,1.0,0.0,1.0,0.0,0.0,0.0,1.0,0.0,0.0,1.0,1.0,0.0,3.0,2.0,4.0,0.0,3.0,2.0,3.0,1
0.26244485310025806,-0.6669044120112035,0.9268739281223902,0.12055612943478493,0.3775963622168788,-0.6978048197587581,-0.43236977250733133,0.0,0.0,0.0,0.0,0.0,0.0,0.0,0.0,0.0,1.0,0.0,0.0,1.0,0.0,1.0,0.0,0.0,0.0,1.0,0.0,0.0,1.0,1.0,0.0,0.0,1.0,4.0,4.0,2.0,1.0,3.0,0
-0.9907737052774169,0.13729077866841785,-1.756476406610706,-0.780798109329962,-0.8380056087026498,-0.6978048197587581,2.312835132301122,1.0,0.0,0.0,0.0,0.0,0.0,0.0,0.0,0.0,0.0,0.0,0.0,1.0,0.0,0.0,0.0,1.0,1.0,0.0,0.0,1.0,0.0,0.0,1.0,3.0,2.0,1.0,2.0,0.0,2.0,2.0,1
0.26244485310025806,-0.42626195747705814,0.9268739281223902,1.0219103681995318,0.11711022559126552,-0.6978048197587581,-0.43236977250733133,1.0,0.0,0.0,0.0,0.0,0.0,0.0,0.0,0.0,0.0,0.0,1.0,0.0,0.0,1.0,0.0,0.0,0.0,1.0,0.0,0.0,1.0,1.0,0.0,3.0,4.0,0.0,2.0,2.0,2.0,2.0,1
0.26244485310025806,-0.6364616918592936,0.9268739281223902,1.0219103681995318,-1.0984917453282632,1.0576790035337154,-0.43236977250733133,1.0,0.0,0.0,0.0,0.0,0.0,0.0,0.0,0.0,0.0,0.0,1.0,0.0,0.0,1.0,0.0,0.0,1.0,0.0,0.0,1.0,0.0,1.0,0.0,0.0,2.0,0.0,3.0,2.0,2.0,2.0,0
-0.9907737052774169,-0.5976834649991225,0.9268739281223902,-0.780798109329962,-0.05654719882581,-0.6978048197587581,-0.43236977250733133,1.0,0.0,0.0,0.0,0.0,0.0,0.0,0.0,0.0,0.0,0.0,0.0,1.0,0.0,1.0,0.0,0.0,0.0,1.0,0.0,1.0,0.0,1.0,0.0,1.0,2.0,4.0,1.0,0.0,2.0,0.0,1
0.763732276451328,-0.0326810755130794,-0.8620262950330072,1.0219103681995318,-0.40386204765996103,-0.6978048197587581,-0.43236977250733133,0.0,0.0,1.0,0.0,0.0,0.0,0.0,0.0,0.0,0.0,1.0,0.0,0.0,0.0,1.0,0.0,0.0,0.0,1.0,0.0,1.0,0.0,1.0,0.0,0.0,2.0,0.0,1.0,1.0,2.0,1.0,0
-0.07174676246712194,0.3891680465919586,-1.756476406610706,1.0219103681995318,-1.0116630331197254,1.0576790035337154,-0.43236977250733133,0.0,0.0,1.0,0.0,0.0,0.0,0.0,0.0,0.0,0.0,0.0,1.0,0.0,0.0,1.0,0.0,0.0,0.0,1.0,0.0,1.0,0.0,1.0,0.0,0.0,4.0,0.0,4.0,1.0,2.0,2.0,1
-0.7401299936018819,-0.654219945281241,0.9268739281223902,1.0219103681995318,0.9853973476766431,2.8131628268261886,2.312835132301122,0.0,0.0,0.0,0.0,0.0,0.0,1.0,0.0,0.0,0.0,0.0,0.0,1.0,0.0,1.0,0.0,0.0,0.0,1.0,0.0,0.0,1.0,1.0,0.0,3.0,2.0,0.0,4.0,1.0,0.0,2.0,1
0.26244485310025806,1.6728360796641617,0.03242381654469148,0.12055612943478493,0.2039389377998033,-0.6978048197587581,-0.43236977250733133,0.0,1.0,0.0,0.0,0.0,0.0,0.0,0.0,0.0,0.0,0.0,0.0,1.0,0.0,1.0,0.0,0.0,0.0,1.0,0.0,0.0,1.0,1.0,0.0,3.0,2.0,0.0,3.0,2.0,2.0,3.0,1
